SOB_ID;Adresse des Schadens
SOB_20251217T163546138062Z_SGVGAWRLQRE4;Große Bleiche 12, 55116 Mainz
SOB_20251217T163546138570Z_RICIOOM7DBBX;Rheinstraße 29, 55116 Mainz
SOB_20251217T163546138841Z_UC64XLFVJVCZ;Boppstraße 3, 55118 Mainz
SOB_20251217T163546139045Z_YKVUDV2E75EU;Kaiserstraße 30, 55116 Mainz
SOB_20251217T163546139217Z_GIDFBGU7UBAF;Gaustraße 45, 55116 Mainz
SOB_20251217T163546139377Z_2IVNSUQTIFA6;Neutorstraße 7, 55116 Mainz
SOB_20251217T163546139528Z_YK43ZTRGW5FJ;Rheinallee 88, 55120 Mainz
SOB_20251217T163546139688Z_C2J5CW7S3RFY;Wallaustraße 60, 55118 Mainz
SOB_20251217T163546139841Z_7FQEYI6LQFF2;Augustinerstraße 21, 55116 Mainz
SOB_20251217T163546139994Z_DZRYB7AD3JHA;Ludwigstraße 9, 55246 Wiesbaden
SOB_20251217T163546140149Z_NQ733A4RGZEX;Pariser Straße 105, 55268 Nieder-Olm
SOB_20251217T163546140301Z_2Z3JE2MHPJCX;Am Zollhafen 14, 55118 Mainz
SOB_20251217T163546140501Z_ESEONTNU5VAI;Hechtsheimer Straße 50, 55131 Mainz
SOB_20251217T163546140711Z_7XYTJMEAXFDG;Schillerstraße 20, 55116 Mainz
SOB_20251217T163546140963Z_SHAVY2PVTZFG;Friedrich-Ebert-Straße 48, 55130 Mainz
SOB_20251217T163546141206Z_CZ4GUDS7CJDT;An der Goldgrube 2, 55131 Mainz
SOB_20251217T163546141434Z_H6RBAQOTCNBN;Weisenauer Straße 70, 55131 Mainz
SOB_20251217T163546141621Z_OHDJEFNPSVHE;Kapuzinerstraße 19, 55116 Mainz
SOB_20251217T163546141776Z_5LTT5ZV4FZAE;Rochusstraße 2, 55116 Mainz
SOB_20251217T163546141926Z_OC4CEHDWR5FV;Gutenbergplatz 1, 55116 Mainz
SOB_20251217T163546142085Z_3Y45GBB3WRAG;Hauptstraße 48, 55246 Wiesbaden
SOB_20251217T163546142236Z_YMLJUG4IM5AC;Holzhofstraße 2, 55116 Mainz
SOB_20251217T163546142380Z_BNUXKQSC2FE7;Frauenlobstraße 20, 55118 Mainz
SOB_20251217T163546142529Z_SQAUU54WKBCQ;Binger Straße 70, 55122 Mainz
SOB_20251217T163546142679Z_J4QDUGYXFNBI;Josefsstraße 12, 55118 Mainz
SOB_20251217T163546142823Z_TMHFK5ZESBHZ;Hattenbergstraße 8, 55122 Mainz
SOB_20251217T163546142986Z_MU5ENCSWFFBQ;Kurfürstenstraße 5, 55118 Mainz
SOB_20251217T163546143139Z_O56T45AOOFDE;Saarstraße 21, 55122 Mainz
SOB_20251217T163546143295Z_QROICQKS65BY;Parcusstraße 14, 55116 Mainz
SOB_20251217T163546143455Z_NWFWLI5TJ5FI;Gärtnergasse 4, 55116 Mainz
SOB_20251217T163546143606Z_PRJ5OVRZSNDH;Höfchen 3, 55116 Mainz
SOB_20251217T163546143898Z_UWSQ3WYOLNAR;Johann-Joachim-Becher-Weg 3, 55128 Mainz
SOB_20251217T163546144144Z_4SXVKSA24BFN;Rheinallee 4, 55118 Mainz
SOB_20251217T163546144347Z_W5TRO7T5SJF3;Gonsenheimer Str. 10, 55126 Mainz
SOB_20251217T163546144535Z_I3NVPLX4IVAH;Bauhofstraße 7, 55116 Mainz
SOB_20251217T163546144714Z_7YGSLAQ44BB3;Neubrunnenstraße 5, 55116 Mainz
SOB_20251217T163546144915Z_P6FFDFT65NGD;Dagobertstraße 2, 55116 Mainz
SOB_20251217T163546145102Z_OAR2KKROPJB6;Schottstraße 1, 55116 Mainz
SOB_20251217T163546145271Z_XEHPBYJJERAK;Wallstraße 11, 55122 Mainz
SOB_20251217T163546145438Z_QNAT3ZEYSVER;Kurmainzstraße 12, 55126 Mainz
SOB_20251217T163546145598Z_WQHSVWEGTRC2;Elly-Beinhorn-Straße 6, 55129 Mainz
SOB_20251217T163546145747Z_IS47NIEHT5HL;Am Stiftswingert 9, 55131 Mainz
SOB_20251217T163546145903Z_L6VZGF3BQVD3;Hans-Böckler-Straße 13, 55128 Mainz
SOB_20251217T163546146053Z_Q3KRMGLCFJCM;Mombacher Straße 80, 55122 Mainz
SOB_20251217T163546146204Z_IXI2FI2OF5EF;Kantstraße 2, 55122 Mainz
SOB_20251217T163546146350Z_JIJCKTKWMJHI;Nikolaus-Kopernikus-Straße 3, 55129 Mainz
SOB_20251217T163546146500Z_7QRQYMTZT5FN;Am Königsborn 14, 55129 Mainz
SOB_20251217T163546146656Z_YT3NCF77JZDH;Höhenstraße 5, 65193 Wiesbaden
SOB_20251217T163546146805Z_MFSF3ZGGQND2;Waldstraße 32, 55124 Mainz
SOB_20251217T163546146953Z_D2TRMSI3VNC2;Wilhelm-Theodor-Römheld-Straße 8, 55130 Mainz
SOB_20251217T163546147081Z_QPZQ6K2M2NEA;Kötherhofstraße 4, 55116 Mainz
SOB_20251217T163546147208Z_MTDBKQZN7NDT;Wernher-von-Braun-Straße 3, 55129 Mainz
SOB_20251217T163546147339Z_R57Z3QQ4A5CW;Am Schinnergraben 6, 55129 Mainz
SOB_20251217T163546147466Z_LLO4SXXJK5DX;Koblenzer Straße 110, 56073 Koblenz
SOB_20251217T163546147588Z_4FQTDD6HBBEP;An der Turnhalle 4, 55299 Nackenheim
SOB_20251217T163546147709Z_KSWRSJTA5JDP;Oppenheimer Straße 14, 55130 Mainz
SOB_20251217T163546147840Z_TPW4FUTG7JED;Geschwister-Scholl-Straße 11, 55131 Mainz
SOB_20251217T163546147963Z_FMD6LBEK4NBD;Im Münchfeld 20, 55122 Mainz
SOB_20251217T163546148093Z_PXK332BWIBCM;Bretzenheimer Straße 33, 55128 Mainz
SOB_20251217T163546148220Z_YG4PWL6PEVAP;Haifa-Allee 1, 55128 Mainz
SOB_20251217T163546148343Z_HTDVFK533ZHQ;An der Krimm 14, 55124 Mainz
SOB_20251217T163546148465Z_VCC2PZWPR5GI;Weserstraße 5, 55122 Mainz
SOB_20251217T163546148586Z_RQEGFV7OI5E4;Adam-Karrillon-Straße 10, 55118 Mainz
SOB_20251217T163546148713Z_XYI2H5YQAJD5;Frauenlobplatz 6, 55118 Mainz
SOB_20251217T163546148829Z_U5BWFLAKQJDG;Mainzer Straße 20, 55294 Bodenheim
SOB_20251217T163546148962Z_KD57CDIDZRB7;Rheinhessenstraße 15, 55129 Mainz
SOB_20251217T163546149083Z_X5SGXQHG6RDF;Draiser Straße 77, 55128 Mainz
SOB_20251217T163546149200Z_HMT5EU7KS5CM;Zwerchallee 15, 55120 Mainz
SOB_20251217T163546149327Z_OIHOBILDRZAH;Am Judensand 42, 55122 Mainz
SOB_20251217T163546149447Z_MFTMFZX6XZFK;Große Langgasse 8, 55116 Mainz
SOB_20251217T163546149564Z_IALECBGIWNF6;Münsterplatz 3, 55116 Mainz
SOB_20251217T163546149683Z_Y5LBIL5JOVBP;Neutorstraße 1, 55116 Mainz
SOB_20251217T163546149812Z_3VL77AJNBNEW;Flachsmarktstraße 13, 55116 Mainz
SOB_20251217T163546149929Z_ZVRCAH5RDFD6;Karmeliterstraße 19, 55116 Mainz
SOB_20251217T163546150051Z_RXG6M43W6RFB;Dagobertstraße 28, 55116 Mainz
SOB_20251217T163546150171Z_V6RXUJ2SGBFC;Neckarstraße 12, 55118 Mainz
SOB_20251217T163546150288Z_BKP3TCM375CY;Hattenbergstraße 7, 55122 Mainz
SOB_20251217T163546150414Z_VMX6O3SHFNFB;Mainzer Straße 14, 55271 Stadecken-Elsheim
SOB_20251217T163546150537Z_IZWBEZXNNNFN;Budenheimer Straße 3, 55124 Mainz
SOB_20251217T163546150660Z_P3TJH4DX2JC5;Heidesheimer Str. 12, 55124 Mainz
SOB_20251217T163546150778Z_Z7RYOJYJWVBI;Hegelstraße 8, 55122 Mainz
SOB_20251217T163546150895Z_FUOKMVZQVFAW;Hegelstraße 9, 55122 Mainz
SOB_20251217T163546151016Z_GJTF4SI4FREE;Weberstraße 13, 55130 Mainz
SOB_20251217T163546151134Z_EH4IX32EH5BL;Karlsbader Straße 18, 55122 Mainz
SOB_20251217T163546151261Z_27ENV442WBGQ;Karlsbader Straße 20, 55122 Mainz
SOB_20251217T163546151389Z_XYYNDNOSIZHV;Hugo-Wolf-Straße 7, 55246 Wiesbaden
SOB_20251217T163546151576Z_WP6NTW7UF5DP;Breslauer Straße 14, 55126 Mainz
SOB_20251217T163546151784Z_X4WW47UKPRHD;St.Stephan-Straße 11, 55299 Nackenheim
SOB_20251217T163546151950Z_OTHBRIYYUFGR;Marie-Curie-Straße 16, 65189 Wiesbaden
SOB_20251217T163546152079Z_TVUYM6WJLFDC;Hugo-Wolf-Straße 3, 55246 Wiesbaden
SOB_20251217T163546152225Z_3VCPKEUY5NAN;Backhaushohl 2, 55128 Mainz
SOB_20251217T163546152422Z_SVUMX7ILNRDI;Hinter der Kapelle 3, 55128 Mainz
SOB_20251217T163546152554Z_KTF5HV5KIVGP;Bahnstraße 40, 55128 Mainz
SOB_20251217T163546152682Z_WDMC4YN3LBEU;An d. Oberpforte 9, 55288 Armsheim
SOB_20251217T163546152820Z_FPU3CSBWOBF3;Am Gonsenheimer Spieß 2, 55122 Mainz
SOB_20251217T163546153020Z_FXOT4ULCZFEQ;Eichendorffstraße 5, 55122 Mainz
SOB_20251217T163546153185Z_3BXWYETABVCY;Industriestraße 2, 55120 Mainz
SOB_20251217T163546153324Z_UHBKSP4QTVDQ;Bahnhofstraße 18, 55116 Mainz
SOB_20251217T163546153459Z_5PN2WX3OE5BU;Friedrichstraße 7, 55124 Mainz
SOB_20251217T163546153584Z_PC4XAPAHHFE7;Am Fort Gonsenheim 3, 55122 Mainz
SOB_20251217T163546153722Z_LGFA3KSZ5BGF;Am Hemel 6, 55124 Mainz
SOB_20251217T163546153865Z_MQJH6LRTSJDH;Max-Planck-Straße 12, 55124 Mainz
SOB_20251217T163546153993Z_D7MAPEVP65DQ;Curt-Goetz-Straße 28, 55127 Mainz
SOB_20251217T163546154119Z_2X7DSLWB6FCY;Rathausstraße 4, 55128 Mainz
SOB_20251217T163546154258Z_FE4IX2KOGRBV;Römerstraße 21, 55129 Mainz
SOB_20251217T163546154389Z_YANIXUJ2ABHS;Dalheimer Straße 9, 55128 Mainz
SOB_20251217T163546154517Z_CN4BLZDCCZFH;Albinistraße 4, 55116 Mainz
SOB_20251217T163546154643Z_OFJFZCNMYJCH;Goethestraße 11, 55294 Bodenheim
SOB_20251217T163546154766Z_CGIIC5VR6RBH;Mombacher Str. 68, 55122 Mainz
SOB_20251217T163546154894Z_JAMSHDB54ZGZ;Fischtorplatz 2, 55116 Mainz
SOB_20251217T163546155029Z_PSA7CXKQXBBQ;Kartäuserstraße 14, 55116 Mainz
SOB_20251217T163546155155Z_KAAKVMLJZZC7;Töngesstraße 9, 55129 Mainz
SOB_20251217T163546155282Z_RDCJVWC3YRBB;Walpodenstraße 19, 55116 Mainz
SOB_20251217T163546155410Z_QMCHU2P7TJBQ;Sterngasse 3, 55130 Mainz
SOB_20251217T163546155575Z_BB7KBXPXY5DF;Jakobsbergstraße 8, 55116 Mainz
SOB_20251217T163546155699Z_YQ7MDVUPFJA7;Schusterstraße 50, 55116 Mainz
SOB_20251217T163546155832Z_CXNLJR4IOJGH;Gaußstraße 4, 65193 Wiesbaden
SOB_20251217T163546155959Z_UVKWHX2YZFFB;Kaiser-Friedrich-Straße 17, 55116 Mainz
SOB_20251217T163546156082Z_UP23CXI5DVE4;Richard-Wagner-Straße 7, 55118 Mainz
SOB_20251217T163546156210Z_J6LH3GNSYNFE;Boppstraße 42, 55118 Mainz
SOB_20251217T163546156339Z_NYJ6EA66GJGW;Mittlere Bleiche 12, 55116 Mainz
SOB_20251217T163546156472Z_UYTYA3EB6NDM;Wormser Straße 15, 55130 Mainz
SOB_20251217T163546156600Z_FPERLN3WXFFN;Am Zollhafen 22, 55118 Mainz
SOB_20251217T163546156729Z_FSYOGKZBMVE5;Große Langgasse 21, 55116 Mainz
SOB_20251217T163546156852Z_KTYCZY5JP5ER;Holzhofstraße 33, 55116 Mainz
SOB_20251217T163546156974Z_Q5JDCNOBWFGI;Bahnhofplatz 7, 55118 Mainz
SOB_20251217T163546157110Z_GH37JAA26ZCE;Neue Universitätsstraße 10, 55116 Mainz
SOB_20251217T163546157233Z_GQY3BVQH4RD4;Neubrunnenstraße 25, 55116 Mainz
SOB_20251217T163546157362Z_RGMJHDY62NFI;Friedrichstraße 27, 65185 Wiesbaden
SOB_20251217T163546157518Z_SYCHMB3ZBVBQ;Osterbergstraße 22, 55411 Bingen am Rhein
SOB_20251217T163546157639Z_IKO3CRKCSVEW;Essenheimer Straße 2, 55128 Mainz
SOB_20251217T163546157765Z_4LV5SLXTVJF5;Grabenstraße 19, 55124 Mainz
SOB_20251217T163546157890Z_MDJW6LOP5VHT;Mühltalstraße 5, 55126 Mainz
SOB_20251217T163546158010Z_F73H7O6PRFGW;Kurmainzstraße 40, 55126 Mainz
SOB_20251217T163546158129Z_DQKHPIO2A5H6;Großbergstraße 11, 55126 Mainz
SOB_20251217T163546158253Z_OOE3PR7THRHJ;Flugplatzstraße 44, 55126 Mainz
SOB_20251217T163546158381Z_KXZCVXXSD5HD;Grabenstraße 7, 55124 Mainz
SOB_20251217T163546158512Z_MZ7YVGIVO5FL;Neustraße 2, 55296 Gau-Bischofsheim
SOB_20251217T163546158631Z_7FBUQ3OBUZF7;Burgstraße 10, 55130 Mainz
SOB_20251217T163546158755Z_J2PWSIKYJ5EF;Neue Mainzer Straße 6, 55129 Mainz
SOB_20251217T163546158875Z_KTPCFC2ASNB2;Mittlere Bleiche 61, 55116 Mainz
SOB_20251217T163546159006Z_ECELQ2PGYFGC;Ballplatz 5, 55116 Mainz
SOB_20251217T163546159134Z_Q5V55UFFGVGS;Am Brand 33, 55116 Mainz
SOB_20251217T163546159252Z_XEXWS3TPLBGQ;Dagobertstraße 4, 55116 Mainz
SOB_20251217T163546159372Z_KL4VBKQGINBA;Neutorstraße 28, 55116 Mainz
SOB_20251217T163546159496Z_ODOSGEG4XFAY;Kapuzinerstraße 22, 55116 Mainz
SOB_20251217T163546159621Z_OK7ZULM5HZEL;Rheinallee 122, 55120 Mainz
SOB_20251217T163546159748Z_P5VDSZWUAND4;Mombacher Straße 92, 55122 Mainz
SOB_20251217T163546159877Z_ID47OO4225GW;Gonsenheimer Str. 41, 55126 Mainz
SOB_20251217T163546160022Z_N3S3WAT2RVHO;Nestlestraße 39, 55120 Mainz
SOB_20251217T163546160166Z_MCSFOAHPGNDP;Nackstraße 4, 55118 Mainz
SOB_20251217T163546160300Z_A5EPR2SGDBGD;Breite Str. 15, 55124 Mainz
SOB_20251217T163546160436Z_T7PM64EI7ZGM;In d. Lach 22, 65207 Wiesbaden
SOB_20251217T163546160585Z_XJB5Q4IHYNBC;Kaiserstraße 67, 55116 Mainz
SOB_20251217T163546161071Z_WX66G6IY2ZA6;Aubachstraße 7, 55126 Mainz
SOB_20251217T163546161470Z_AGOVER6GBNG5;Neubrunnenstraße 40, 55116 Mainz
SOB_20251217T163546161924Z_RBJ5BFPXDFDK;Hindenburgplatz 9, 55118 Mainz
SOB_20251217T163546162185Z_CRIEN75U65DD;Boppstraße 54, 55118 Mainz
SOB_20251217T163546162396Z_3WZMRXH7JVH2;Hattenbergstraße 10, 55122 Mainz
SOB_20251217T163546162583Z_75FMJMWCAFA2;Gonsenheimer Straße 52, 55126 Mainz
SOB_20251217T163546162773Z_D6HPPGD7VJFV;Bahnhofstraße 8, 55116 Mainz
SOB_20251217T163546162960Z_DNAOIKZSXNDK;Nikolausstraße 5, 55120 Mainz
SOB_20251217T163546163147Z_QJ3GJE4O7NF2;Haifa-Allee 16, 55128 Mainz
SOB_20251217T163546163337Z_WM7LF34OH5CQ;Matthias-Grünewald-Straße 49, 65428 Rüsselsheim am Main
SOB_20251217T163546163555Z_JKMSTPNL2VEZ;In der Dalheimer Wiese 9, 55120 Mainz
SOB_20251217T163546163771Z_CVGLYAN64RAB;Rheinhessenstraße 22, 55129 Mainz
SOB_20251217T163546163969Z_STQAG5BMINDI;Draiser Straße 58, 55128 Mainz
SOB_20251217T163546164160Z_OGAWLLHWTRE7;Vor der Frecht 12, 55128 Mainz
SOB_20251217T163546164342Z_U363K2UO4RDH;Mittelstraße 30, 55131 Mainz
SOB_20251217T163546164538Z_CX2NOI3AN5BZ;Wilhelm-Leuschner-Straße 6, 55130 Mainz
SOB_20251217T163546164725Z_TRGDKB6OSNHJ;Binger Straße 104, 55131 Mainz
SOB_20251217T163546164906Z_GFT367RYABA7;Wallstraße 19, 55122 Mainz
SOB_20251217T163546165060Z_VBVVRU2XKBGC;Am Fort Gonsenheim 26, 55122 Mainz
SOB_20251217T163546165236Z_3HXU7FGKVJAF;Steingasse 14, 55116 Mainz
SOB_20251217T163546165390Z_L2QVQH5Q2BGR;Erfurter Str. 10, 55122 Mainz
SOB_20251217T163546165535Z_NV2EC7TJVFG7;Wallaustraße 16, 55118 Mainz
SOB_20251217T163546165678Z_OS3CWSHMKBCB;Sömmerringstraße 14, 55118 Mainz
SOB_20251217T163546165825Z_ESZ65NZEUBH7;Lessingstraße 8, 55118 Mainz
SOB_20251217T163546165968Z_CDOC6J6MJVHD;Frauenlobstraße 44, 55118 Mainz
SOB_20251217T163546166122Z_3MACKYBYYRBX;Kaiserstraße 4, 55116 Mainz
SOB_20251217T163546166267Z_7J2ESWYBPNBM;Rheinallee 7, 55118 Mainz
SOB_20251217T163546166409Z_BGZZHPPA4VG4;Quintinsstraße 3, 55116 Mainz
SOB_20251217T163546166606Z_JTIYI5ILSNFZ;Haifa-Allee 23, 55128 Mainz
SOB_20251217T163546166761Z_RO5NB5EQQBHY;Klosterstraße 10, 55124 Mainz
SOB_20251217T163546166920Z_Y3K5OAJHDNGE;Hintere Bleiche 6, 55116 Mainz
SOB_20251217T163546167064Z_66QET47NRBB6;Gärtnergasse 10, 55116 Mainz
SOB_20251217T163546167216Z_G6FDJXZFBRAN;Emmerich-Josef-Straße 19, 55116 Mainz
SOB_20251217T163546167366Z_KOLSI74KI5EW;Schönbornstraße 12, 55116 Mainz
SOB_20251217T163546167512Z_C3G53RBJR5HV;Neutorstraße 41, 55116 Mainz
SOB_20251217T163546167653Z_ZFCVSZ27NJHV;Holzhofstraße 17, 55116 Mainz
SOB_20251217T163546167825Z_5VEI2IDY3FCA;Gutenbergplatz 3, 55116 Mainz
SOB_20251217T163546168039Z_S33KKZBREJBK;Weintorstraße 2, 55116 Mainz
SOB_20251217T163546168271Z_D4XMGW2KTBCO;Große Bleiche 35, 55116 Mainz
SOB_20251217T163546168534Z_465GEALJYVAR;Mittlere Bleiche 20, 55116 Mainz
SOB_20251217T163546168881Z_66BQ6XXEA5E3;Rheinstraße 5, 55116 Mainz
SOB_20251217T163546169179Z_MD2U7IU5SVAJ;Lotharstraße 11, 55116 Mainz
SOB_20251217T163546169420Z_D5N66IH7DNCR;Breite Str. 33, 55124 Mainz
SOB_20251217T163546169567Z_4IJVWLPYSBGR;Backhaushohl 8, 55128 Essenheim
SOB_20251217T163546169744Z_3UUKCB4PDBEZ;Waldthausenstraße 15, 55126 Mainz
SOB_20251217T163546169902Z_MOMQ6NYZMRFY;Hechtsheimer Straße 75, 55131 Mainz
SOB_20251217T163546170057Z_HJLAP76VQJFF;Schillerstraße 14, 55116 Mainz
SOB_20251217T163546170228Z_Q74NKGN52FAT;Rheinstraße 19, 55116 Mainz
SOB_20251217T163546170373Z_OCSZTHNOJNBD;Hintere Bleiche 7, 55116 Mainz
SOB_20251217T163546170517Z_L375DWX2ANFT;Schießgartenstraße 1, 55116 Mainz
SOB_20251217T163546170706Z_HDH7FME5HZCA;Am Brand 12, 55116 Mainz
SOB_20251217T163546170864Z_YC57RCTVCZEL;Mainzer Str. 78, 55124 Mainz
SOB_20251217T163546171004Z_NDTT447J7FAF;Steingasse 5, 55116 Mainz
SOB_20251217T163546171141Z_6OKR5MH32VBG;Marktstraße 9, 55252 Wiesbaden
SOB_20251217T163546171262Z_UJCMP643BNAM;Große Bleiche 24, 55116 Mainz
SOB_20251217T163546171388Z_L43QVZZI6RGT;Mittlere Bleiche 10, 55116 Mainz
SOB_20251217T163546171511Z_2S3LPTVG2VCX;Spritzengasse 2, 55116 Mainz
SOB_20251217T163546171645Z_YP5PFOKOHRDT;Kirchgasse 7, 65185 Wiesbaden
SOB_20251217T163546171770Z_65ZU5XV5NBBL;Bahnhofstraße 2, 55116 Mainz
SOB_20251217T163546171895Z_K2HCK77WXNFM;Fischtorstraße 5, 55116 Mainz
SOB_20251217T163546172022Z_DLW6XGWFPZGA;Am Brand 18, 55116 Mainz
SOB_20251217T163546172148Z_C7D6AGZAXVEH;Breidenbacherstraße 4, 55116 Mainz
SOB_20251217T163546172274Z_UHPFD7FSJREN;Augustinerstraße 14, 55116 Mainz
SOB_20251217T163546172401Z_OVZKUFSSVRD6;Goethestraße 2, 55118 Mainz
SOB_20251217T163546172526Z_JXK6GFL4PZFK;Rathausstraße 5, 55252 Wiesbaden
SOB_20251217T163546172635Z_JBU32PZ5UND3;Fischtorplatz 7, 55116 Mainz
SOB_20251217T163546172748Z_Z4MHMNRCDBCN;Lotharstraße 21, 55116 Mainz
SOB_20251217T163546172870Z_3YZ4QJCYQVHZ;Hintere Bleiche 15, 55116 Mainz
SOB_20251217T163546172978Z_WWLGCFBZJFER;Gutenbergstraße 6, 55124 Mainz
SOB_20251217T163546173086Z_YKFLQ5VCRZDT;Marktstraße 11, 55252 Wiesbaden
SOB_20251217T163546173198Z_JQQJLPHHNVCV;Am Brand 8, 55116 Mainz
SOB_20251217T163546173312Z_AFUKOFVMOFC5;Rheinstraße 22, 55116 Mainz
SOB_20251217T163546173421Z_BDRWZDL6MNBW;Steingasse 12, 55116 Mainz
SOB_20251217T163546173536Z_PRLOBVDYLZGZ;Gärtnergasse 6, 55116 Mainz
SOB_20251217T163546173650Z_NVPQSMSPDNA5;Am Kronberger Hof 8, 55116 Mainz
SOB_20251217T163546173758Z_TCYSLYPEQZFL;Am Brand 20, 55116 Mainz
SOB_20251217T163546173873Z_YTLEGQUDG5FM;Rheinstraße 48, 55116 Mainz
SOB_20251217T163546173984Z_X4OBSG7H7NDX;Augustinerstraße 10, 55116 Mainz
SOB_20251217T163546174099Z_4N2SFIA27VFA;Goethestraße 7, 55118 Mainz
SOB_20251217T163546174228Z_OXTJPZZVZZFC;Rathausstraße 11, 55128 Mainz
SOB_20251217T163546174339Z_EX35FJI52FAB;Fischtorplatz 14, 55116 Mainz
SOB_20251217T163546174447Z_CKFN2TO7FJHC;Lotharstraße 18, 55116 Mainz
SOB_20251217T163546174555Z_EWWJJT2RJRFU;Hintere Bleiche 22, 55116 Mainz
SOB_20251217T163546174675Z_RIZ6UI6WMREY;Gutenbergstraße 12, 55124 Mainz
SOB_20251217T163546174786Z_XIB5Z5PPTBDK;Marktstraße 16, 55252 Mainz
SOB_20251217T163546174893Z_WEXYA5GVZ5A5;Am Brand 29, 55116 Mainz
SOB_20251217T163546175003Z_7VFVVJCAONBS;Rheinstraße 28, 55116 Mainz
SOB_20251217T163546175111Z_C2XJKH5DFVAO;Steingasse 20, 55116 Mainz
SOB_20251217T163546175219Z_X6J3LMS3AVCH;Zollstraße 25, 65366 Geisenheim
SOB_20251217T163546175337Z_BTVYYC4JONE7;Jakobsbergstraße 15, 55116 Mainz
SOB_20251217T163546175448Z_ZOIPRU7IK5GC;Am Brand 30, 55116 Mainz
SOB_20251217T163546175555Z_YNC4OCUTAFCA;Zaybachstraße 13, 55128 Mainz
SOB_20251217T163546175665Z_6BUEYUFHPNFD;Augustinerstraße 16, 55116 Mainz
SOB_20251217T163546175779Z_BWGUL2RSRFCC;Goethestraße 14, 55118 Mainz
SOB_20251217T163546175896Z_5REXCQ3WG5HG;Rathausstraße 18, 55252 Wiesbaden
SOB_20251217T163546176006Z_EQMKADQUTVFL;Fischtorpl. 21, 55116 Mainz
SOB_20251217T163546176136Z_DODQYTPNHFB7;Lotharstraße 25, 55116 Mainz
SOB_20251217T163546176250Z_HUJOVT3WGJD7;Heidelbergerfaßgasse 7a, 55116 Mainz
SOB_20251217T163546176359Z_4KCHW5JILJGW;Gutenbergstraße 19, 55124 Mainz
SOB_20251217T163546176477Z_QLQEAV43BVGU;Marktstraße 22, 55252 Wiesbaden
SOB_20251217T163546176595Z_W5B2GAUODVBH;Am Brand 35, 55116 Mainz
SOB_20251217T163546176743Z_YZGNUSAP2VET;Rheinstraße 34, 55116 Mainz
SOB_20251217T163546176940Z_34D6OAVZORES;Steingasse 8, 55116 Mainz
SOB_20251217T163546177154Z_VCIEHSKQERC6;Zollstraße 32, 65366 Geisenheim
SOB_20251217T163546177356Z_X2PH74QPFZAR;Weststraße 10, 55129 Mainz
SOB_20251217T163546177588Z_UCGUBSQJUZCG;Am Brand 40, 55116 Mainz
SOB_20251217T163546177801Z_STRZBRBAL5FT;Kästrich 20, 55116 Mainz
SOB_20251217T163546178000Z_SYQVL4UECVC3;Augustinerstraße 20, 55116 Mainz
SOB_20251217T163546178214Z_OHDASWNLNVCX;Goethestraße 21, 55118 Mainz
SOB_20251217T163546178441Z_WEYKCPAEK5BN;Rathausstraße 25, 55128 Mainz
SOB_20251217T163546178652Z_C35VDJ5UEVGR;Fischtorpl. 27, 55116 Mainz
SOB_20251217T163546178787Z_PNGTLW6RKVCE;Lotharstraße 30, 55116 Mainz
SOB_20251217T163546178928Z_U2GKROFUUJB3;Hintere Bleiche 35, 55116 Mainz
SOB_20251217T163546179061Z_GHFWLIERHJCN;Gutenbergstraße 25, 55124 Mainz
SOB_20251217T163546179188Z_EWIBMHKGCRCG;Marktstraße 28, 55252 Wiesbaden
SOB_20251217T163546179352Z_EZB4GMLS45EU;Am Brand 45, 55116 Mainz
SOB_20251217T163546179482Z_NWJURVUCGZBM;Rheinstraße 40, 55116 Mainz
SOB_20251217T163546179608Z_APLZR4B5FNHC;Steingasse 34, 55116 Mainz
SOB_20251217T163546179736Z_GKLQPSW6TNHH;Zollstraße 40, 65366 Geisenheim
SOB_20251217T163546179857Z_EPFTWQTPZBDD;Am Sonnigen Hang 15, 55127 Mainz
SOB_20251217T163546179985Z_7SK7RDOR6FHG;Am Brand 50, 55116 Mainz
SOB_20251217T163546180111Z_OZCVHVFRHNCX;Grünberger Str. 40, 55129 Mainz
SOB_20251217T163546180232Z_VOG7LTQF25HE;Augustinerstraße 26, 55116 Mainz
SOB_20251217T163546180351Z_XV24SHKA3VH4;Goethestraße 28, 55118 Mainz
SOB_20251217T163546180474Z_KXVJ5O44KRF7;Rathausstraße 30, 55252 Wiesbaden
SOB_20251217T163546180593Z_RWQY2SBHVNHB;Fischtorplatz 33, 55116 Mainz
SOB_20251217T163546180723Z_C2DUP2XMFFH5;Lotharstraße 36, 55116 Mainz
SOB_20251217T163546180848Z_N6NXV3M2XJGI;Hintere Bleiche 12, 55116 Mainz
SOB_20251217T163546180971Z_3NPKUHHFXFFG;Gutenbergstraße 32, 55124 Mainz
SOB_20251217T163546181091Z_OGISJVAXTFCX;Marktstraße 36, 65396 Walluf
SOB_20251217T163546181214Z_MBWWTEXBQJB2;Am Brand 55, 55116 Mainz
SOB_20251217T163546181346Z_DLCZKHGGLJES;Rheinstraße 46, 55116 Mainz
SOB_20251217T163546181467Z_AUJYBUUWANGR;Steingasse 40, 55116 Mainz
SOB_20251217T163546181578Z_QQ44CQAW55AK;Heuerstraße 90, 55129 Mainz
SOB_20251217T163546181753Z_R6JGESLZMFFE;Ludwig-Strecker-Straße 138, 55129 Mainz
SOB_20251217T163546181960Z_UAV4G5FTMRFC;Am Brand 60, 55116 Mainz
SOB_20251217T163546182110Z_45MZXU42SNFE;Alleestraße 46, 65239 Hochheim am Main
SOB_20251217T163546182242Z_H2XDFMZQ6ZG6;Augustinerstraße 32, 55116 Mainz
SOB_20251217T163546182367Z_B6R3NMXGXZAR;Goethestraße 34, 55118 Mainz
SOB_20251217T163546182493Z_36CZAVMFNZBF;Rathausstraße 36, 55252 Wiesbaden
SOB_20251217T163546182623Z_A5ON73C27ZDI;Fischtorpl. 39, 55116 Mainz
SOB_20251217T163546182742Z_OWTQREXOENFS;Lotharstraße 42, 55116 Mainz
SOB_20251217T163546182875Z_UUHEX3KH5NGR;Kauthstraße 41, 65239 Hochheim am Main
SOB_20251217T163546183056Z_VQ6DSYOUCFCI;Alleestraße 27, 65239 Hochheim am Main
SOB_20251217T163546183359Z_3TOVHP53OBHQ;Marktstraße 41, 55252 Wiesbaden
SOB_20251217T163546183598Z_MNQNRBGGKVBP;Am Brand 65, 55116 Mainz
SOB_20251217T163546183741Z_7UKRSM7ZZBC6;Rheinstraße 50, 55116 Mainz
SOB_20251217T163546183873Z_HXTCN3BMTND4;Steingasse 46, 55116 Mainz
SOB_20251217T163546183995Z_TJXFCK4NFFE2;Marzelstraße 24, 65239 Hochheim am Main
SOB_20251217T163546184116Z_JYZB6UTSLFAR;Feldbergstraße 8, 65239 Hochheim am Main
SOB_20251217T163546184239Z_ZEYPXXKUJFBN;Am Brand 70, 55116 Mainz
SOB_20251217T163546184360Z_ENAZH36E7BD3;Heidesheimer Str. 71, 55257 Budenheim
SOB_20251217T163546184491Z_VKMYXQKI5NCP;Augustinerstraße 38, 55116 Mainz
SOB_20251217T163546184615Z_TDIAFUZYDVDF;Goethestraße 40, 55118 Mainz
SOB_20251217T163546184760Z_DLUC3FZ75NDZ;Rathausstraße 42, 65203 Wiesbaden
SOB_20251217T163546185011Z_75NLLYYBYVBU;Fischtorpl. 45, 55116 Mainz
SOB_20251217T163546185254Z_YJRSY6FSSZEC;Lotharstraße 48, 55116 Mainz
SOB_20251217T163546185462Z_CBDBF7VAS5CB;Hintere Bleiche 52, 55116 Mainz
SOB_20251217T163546185714Z_M5ZTWWKYJNBM;Gutenbergstraße 44, 55124 Mainz
SOB_20251217T163546185960Z_YCD5LDMAW5BI;Marktstraße 46, 55252 Wiesbaden
SOB_20251217T163546186182Z_WCPGBBB7HZAU;Am Brand 75, 55116 Mainz
SOB_20251217T163546186399Z_4I4GM7IS3JEZ;Rheinstraße 54, 55116 Mainz
SOB_20251217T163546186645Z_PFSBRYD7BNHD;Steingasse 50, 55116 Mainz
SOB_20251217T163546186820Z_6E6Z5QTUMJF2;Zollstraße 58, 65366 Geisenheim
SOB_20251217T163546186950Z_PAKUAJYQMZDR;Heidesheimer Str. 66, 55257 Budenheim
SOB_20251217T163546187086Z_JSBEOJ5DFBGU;Am Brand 80, 55116 Mainz
SOB_20251217T163546187225Z_6OXSZP7GNVHO;Taunusstraße 7, 55246 Wiesbaden
SOB_20251217T163546187348Z_2ECEBCLO3VDG;Augustinerstraße 44, 55116 Mainz
SOB_20251217T163546187476Z_FRTGXDGJYNFX;Goethestraße 46, 55118 Mainz
SOB_20251217T163546187615Z_5GXM5KEJVNHJ;Schillerstraße 48, 55116 Mainz
SOB_20251217T163546187736Z_ITYVSZ2UXNGU;Fischtorpl. 50, 55116 Mainz
SOB_20251217T163546187855Z_HJ5XLSQL75AE;Lotharstraße 52, 55116 Mainz
SOB_20251217T163546187982Z_PCSKNDLC55AZ;Hintere Bleiche 58, 55116 Mainz
SOB_20251217T163546188102Z_WDQD4JBMB5HE;Gutenbergstraße 50, 55124 Mainz
SOB_20251217T163546188228Z_RBALW6I6V5GJ;Marktstraße 52, 55252 Wiesbaden
SOB_20251217T163546188350Z_IEYUQDXA4VCY;Am Brand 85, 55116 Mainz
SOB_20251217T163546188471Z_O5EYFRMMQVBR;Rheinstraße 58, 55116 Mainz
SOB_20251217T163546188588Z_KZKBT6JAJZGS;Steingasse 54, 55116 Mainz
SOB_20251217T163546188718Z_O4P4SUDCV5AV;Alexander-Fleming-Straße 4, 55130 Mainz
SOB_20251217T163546188843Z_MMC7KXJDRBD3;Alexander-Fleming-Straße 3, 55130 Mainz
SOB_20251217T163546188962Z_M4BUHBMUBJCX;Am Brand 90, 55116 Mainz
SOB_20251217T163546189081Z_VDXNXPYX2FHV;Breidenbacher Hof 44, 55116 Mainz
SOB_20251217T163546189204Z_ND7NVLZLDFCF;Augustinerstraße 50, 55116 Mainz
SOB_20251217T163546189323Z_Q7ZTBWCBLZAG;Goethestraße 52, 55116 Mainz
SOB_20251217T163546189449Z_G7Q7LKPXYBB5;Rathausstraße 54, 55116 Mainz
SOB_20251217T163546189574Z_AE22JW2N3NFO;Fischtorpl. 55, 55116 Mainz
SOB_20251217T163546189700Z_BEKHR5M2IZDI;Lotharstraße 56, 55116 Mainz
SOB_20251217T163546189819Z_CJ32654YANAP;Hintere Bleiche 64, 55116 Mainz
SOB_20251217T163546189942Z_YWYMBPG4TBCW;Gutenbergstraße 56, 55124 Mainz
SOB_20251217T163546190061Z_LT5GLMOESJGO;Marktstraße 58, 55252 Wiesbaden
SOB_20251217T163546190187Z_GZ6CHTLC4VC5;Am Brand 95, 55116 Mainz
SOB_20251217T163546190312Z_557BSRJUVJFD;Rheinstraße 62, 55116 Mainz
SOB_20251217T163546190443Z_KDGYRUTUFZDY;Steingasse 60, 55116 Mainz
SOB_20251217T163546190556Z_7ZEHYX32IZCF;Alexander-Fleming-Straße 5, 55130 Mainz
SOB_20251217T163546190671Z_TKEIVXYRPVCY;Neuweg 17, 55130 Mainz
SOB_20251217T163546190792Z_RRW7OBNF6VHO;Am Brand 100, 55116 Mainz
SOB_20251217T163546190901Z_RKB5FDUFPRGR;Lortzingstraße 12, 55127 Mainz
SOB_20251217T163546191015Z_75Q3EA2FR5CP;Augustinerstraße 56, 55116 Mainz
SOB_20251217T163546191128Z_WXIC3ILZM5G4;Goethestraße 58, 55118 Mainz
SOB_20251217T163546191268Z_ZVJZAANFQRHG;Auf dem Albansberg 5, 55131 Mainz
SOB_20251217T163546191386Z_Q674CMP3PNAS;Fischtorpl. 60, 55116 Mainz
SOB_20251217T163546191500Z_FPOWJG2OOBEZ;Lotharstraße 60, 55116 Mainz
SOB_20251217T163546191614Z_DCHQG72POBHR;Hintere Bleiche 70, 55116 Mainz
SOB_20251217T163546191727Z_DXPIJ2ZANNEP;Gutenbergstraße 62, 55124 Mainz
SOB_20251217T163546191841Z_2AKIVQBUTFAP;Marktstraße 64, 55252 Wiesbaden
SOB_20251217T163546191960Z_XWMJSBX7Y5EE;Am Brand 105, 55116 Mainz
SOB_20251217T163546192091Z_UQ3ZL3QKVNC4;Rheinstraße 66, 55116 Mainz
SOB_20251217T163546192206Z_PL5RUFNUCNB6;Steingasse 64, 55116 Mainz
SOB_20251217T163546192317Z_MFTBWGOOR5DG;Bodelschwinghstraße 1, 55131 Mainz
SOB_20251217T163546192427Z_6NPM734RW5AJ;Bodelschwinghstraße 22, 55131 Mainz
SOB_20251217T163546192543Z_GJTJCNUCN5FI;Am Brand 110, 55116 Mainz
SOB_20251217T163546192664Z_RWRVOUJJMJAA;Pfarrer-Haus-Straße 13, 65462 Ginsheim-Gustavsburg
SOB_20251217T163546192776Z_H3HRJ2SNVZCI;Augustinerstraße 62, 55116 Mainz
SOB_20251217T163546192891Z_P2PI3OFGI5FZ;Goethestraße 9, 55118 Mainz
SOB_20251217T163546193007Z_XHTKFKPAERCG;Rathausstraße 66, 65203 Wiesbaden
SOB_20251217T163546193117Z_6TZJKBIFZVAJ;Fischtorpl. 65, 55116 Mainz
SOB_20251217T163546193241Z_KX2KQOYVZFEV;Lotharstraße 66, 55116 Mainz
SOB_20251217T163546193363Z_HTXSZMZ4FRGI;Hintere Bleiche 76, 55116 Mainz
SOB_20251217T163546193527Z_DSBYVC5TCREH;Oberer Laubenheimer Weg 56, 55131 Mainz
SOB_20251217T163546193759Z_3RDG6FFVWNGO;Stiftsstraße 10, 55116 Mainz
SOB_20251217T163546193987Z_DSYQ6FUMZJDR;Friedrich-Naumann-Straße 24, 55131 Mainz
SOB_20251217T163546194208Z_JGLW3TJAR5HQ;Rheinstraße 68, 55116 Mainz
SOB_20251217T163546194433Z_BTU7PE5L6JHF;Steingasse 68, 55116 Mainz
SOB_20251217T163546194654Z_VUYUGAHD2BE2;Zollstraße 82, 65366 Geisenheim
SOB_20251217T163546194859Z_ZR4GYS6YMRCZ;Rheinstraße 18, 65366 Geisenheim
SOB_20251217T163546195056Z_DAIGHDWNFRHH;Am Brand 120, 55116 Mainz
SOB_20251217T163546195334Z_WESAHVW2QZAS;Steigweg 9a, 55246 Wiesbaden
SOB_20251217T163546195507Z_7NF36Z66ABEQ;Augustinerstraße 68, 55116 Mainz
SOB_20251217T163546195633Z_OGR23QAPVFAI;Goethestraße 70, 55118 Mainz
SOB_20251217T163546195790Z_F4KRPZNBWBC3;Rathausstraße 72, 65203 Wiesbaden
SOB_20251217T163546195927Z_SDLTA4C4TRBV;Fischtorpl. 70, 55116 Mainz
SOB_20251217T163546196048Z_TKSUPS6CUBAT;Lotharstraße 70, 55116 Mainz
SOB_20251217T163546196182Z_MLC7UHSRLNGR;Hintere Bleiche 82, 55116 Mainz
SOB_20251217T163546196310Z_2EDKZG6HI5HL;Gutenbergstraße 74, 55124 Mainz
SOB_20251217T163546196432Z_BNKPCSSDANGE;Marktstraße 76, 55252 Wiesbaden
SOB_20251217T163546196555Z_DFPA43EKPZB5;Am Brand 38, 55116 Mainz
SOB_20251217T163546196682Z_D6QY43JHJNGB;Nackstraße 6, 55118 Mainz
SOB_20251217T163546196813Z_HD5ZW7HWZJBN;Steingasse 74, 55116 Mainz
SOB_20251217T163546196933Z_FYQ4XLPPA5FW;Germanikusstraße 11, 55131 Mainz
SOB_20251217T163546197057Z_DQLKXPN7JNCB;Germanikusstraße 9, 55131 Mainz
SOB_20251217T163546197177Z_CW5SE34KZZF3;Mailandsgasse 6, 55116 Mainz
SOB_20251217T163546197296Z_KTBVSTH7F5DI;Finther Landstraße 18, 55124 Mainz
SOB_20251217T163546197420Z_E2FTDQ7X4RFV;Augustinerstraße 66, 55116 Mainz
SOB_20251217T163546197547Z_BWUXWKNJXVBE;Goethestraße 60, 55118 Mainz
SOB_20251217T163546197715Z_GPU742QM7FHR;Kaiserstraße 76, 55116 Mainz
SOB_20251217T163546197861Z_PLOQY56FWND5;Fischtorpl. 13, 55116 Mainz
SOB_20251217T163546197984Z_EHC6B5KPPFAJ;Lotharstraße 26, 55116 Mainz
SOB_20251217T163546198156Z_DNWH7PIQXNHB;Metzer Str. 7, 65203 Wiesbaden
SOB_20251217T163546198291Z_M6P7WDWIDRA5;Kiefernweg 20, 55130 Mainz
SOB_20251217T163546198411Z_DEQBVE7R4RDQ;Kiefernweg 16, 55130 Mainz
SOB_20251217T163546198530Z_KXJPAJJ3I5BF;Rheintalstraße 46, 55130 Mainz
SOB_20251217T163546198656Z_VIS3PKJ5YJHD;Carl-Diem-Straße 3, 55130 Mainz
SOB_20251217T163546198777Z_3PT4UNZWT5D6;Neuweg 49, 55130 Mainz
SOB_20251217T163546198900Z_XXNHZRAIMBEL;Ernst-Reuter-Straße 12, 55130 Mainz
SOB_20251217T163546199021Z_IKNHQMOATNFK;Gewerbestraße 18, 55130 Mainz
SOB_20251217T163546199146Z_AF7XPEV2QNEI;Riedweg 29, 55130 Mainz
SOB_20251217T163546199265Z_7EWTB5F6UBEX;Zukunftstraße 47, 55130 Mainz, 55116 Mainz
SOB_20251217T163546199387Z_OZDQVWX7PJB4;An der Klosterheck 2A, 55130 Mainz
SOB_20251217T163546199514Z_Y4DCYQOTPVEH;Hans-Zöller-Straße 119, 55130 Mainz
SOB_20251217T163546199638Z_RGD5XVCMJ5FZ;Im Stoßacker 15, 55130 Mainz
SOB_20251217T163546199757Z_35YC2C6KWZBK;Eifelweg 1, 65474 Bischofsheim
SOB_20251217T163546199882Z_6S4D2TZDYNHD;Georg-Fischer-Straße 18, 65474 Bischofsheim
SOB_20251217T163546200002Z_BVJU4OVCP5CK;Lucy-Hillebrand-Straße 16, 55128 Mainz
SOB_20251217T163546200123Z_FXSUJ5F43VDL;Zur Oberlache 14, 55124 Mainz
SOB_20251217T163546200254Z_ZKHQ366BPFBH;Mainzer Str. 14, 55252 Wiesbaden
SOB_20251217T163546200373Z_PUYIWS65MZDK;Mainzer Str. 16, 55252 Wiesbaden
SOB_20251217T163546200491Z_SMARHDYOPNEM;Marktstraße 13, 55252 Mainz
SOB_20251217T163546200659Z_FL7ONHIMB5FW;Steingasse 82, 55116 Mainz
SOB_20251217T163546200781Z_BWNR26IM3JBF;Heiligkreuzweg 8, 55130 Mainz
SOB_20251217T163546200914Z_SOILTWCBOJBU;Am Weisel 62, 55126 Mainz
SOB_20251217T163546201027Z_XWW65HV2LZE5;Am Weisel 64, 55126 Mainz
SOB_20251217T163546201141Z_KD6DHVQ65BBF;Borngasse 34, 55126 Mainz
SOB_20251217T163546201253Z_WMNNWBZ5WBEZ;Amselweg 9, 55126 Mainz
SOB_20251217T163546201370Z_MRQGYQYHLNE3;Kettelerstraße 43, 55126 Mainz
SOB_20251217T163546201490Z_F7N7EYPT3FDN;Pfarrer-Autsch-Straße 18, 55126 Mainz
SOB_20251217T163546201606Z_DWN6DECEX5DF;Pfarrer-Autsch-Straße 37, 55126 Mainz
SOB_20251217T163546201732Z_BRWBDVBUWZAJ;Lotharstraße 20, 55116 Mainz
SOB_20251217T163546201929Z_4YA3PFIXCFAU;Kaiser-Friedrich-Straße 5, 55116 Mainz
SOB_20251217T163546202155Z_554SFZBBL5AZ;Effenspitze 14, 55129 Mainz
SOB_20251217T163546202355Z_PBI4YR6GIBEL;Otto-Hahn-Straße 17, 55129 Mainz
SOB_20251217T163546202604Z_DMDWZWEW5NEY;Hinter d. Hecke 31, 55129 Mainz
SOB_20251217T163546202846Z_P6JXWI5NJBFW;Hinter d. Hecke 66, 55129 Mainz
SOB_20251217T163546203064Z_SFDUVTYK7BAD;Hinter d. Hecke 60, 55129 Mainz
SOB_20251217T163546203285Z_3BCVO2FQQ5GT;Hinter d. Hecke 60A, 55129 Mainz
SOB_20251217T163546203533Z_CXX2TPF5KBEK;Harxheimer Weg 19, 55129 Mainz
SOB_20251217T163546203725Z_EQG654J33NAN;Weinbergstraße 24, 55129 Mainz
SOB_20251217T163546203876Z_GPF4PBGVKZDJ;Mommenheimer Str. 15, 55129 Mainz
SOB_20251217T163546204006Z_DXBCUFQZ3NA2;Mommenheimer Str. 32, 55129 Mainz
SOB_20251217T163546204147Z_JNHYUXDVKNCK;Zornheimer Str. 9, 55129 Mainz
SOB_20251217T163546204270Z_KDWJVGUZJNG4;Zornheimer Str. 13, 55129 Mainz
SOB_20251217T163546204400Z_ZHSD5WILPZGR;Pfarrer-Seeger-Straße 8, 55129 Mainz
SOB_20251217T163546204521Z_MSDYH7U65ZEF;Lorenz-Schneider-Straße 16, 55129 Mainz
SOB_20251217T163546204650Z_7QBT5MVBEBH6;Peter-Hofmann-Straße 9, 55129 Mainz
SOB_20251217T163546204776Z_PL7LKUCJIZDX;Peter-Hofmann-Straße 14, 55129 Mainz
SOB_20251217T163546204897Z_WBCSBBDVNBB4;Peter-Hofmann-Straße 11, 55129 Mainz
SOB_20251217T163546205017Z_T6IE7TOMTBFO;Fontanestraße 21, 55127 Mainz
SOB_20251217T163546205148Z_6CZN6SYTTREB;Fontanestraße 48, 55127 Mainz
SOB_20251217T163546205272Z_OSRJ6UTZCFHF;Hebbelstraße 73, 55127 Mainz
SOB_20251217T163546205392Z_7TNLMZJDFREA;Hebbelstraße 14, 55127 Mainz
SOB_20251217T163546205517Z_WPY76PF7MFFJ;Wedekindstraße 42, 55127 Mainz
SOB_20251217T163546205641Z_D7HQS4R72RHR;Nino-Erné-Straße 8, 55127 Mainz
SOB_20251217T163546205767Z_QR3D4RVWYZH3;Hindemithstraße 29, 55127 Mainz
SOB_20251217T163546205890Z_ONKBLDVJ7FEN;Hindemithstraße 6, 55127 Mainz
SOB_20251217T163546206055Z_JUWVRRBEMNFV;Lenauweg 14, 55127 Mainz
SOB_20251217T163546206178Z_JW5Y452X45DT;Lenauweg 13, 55127 Mainz
SOB_20251217T163546206307Z_EIE26BFNL5CZ;Tucholskyweg 18, 55127 Mainz
SOB_20251217T163546206435Z_NNAF7DAKCZHS;Daniel-Brendel-Straße 2, 55127 Mainz
SOB_20251217T163546206553Z_UYASRISBJRD5;Daniel-Brendel-Straße 37, 55127 Mainz
SOB_20251217T163546206678Z_GFGP6OT5UBGL;Zum Schiersteiner Grund 4, 55127 Mainz
SOB_20251217T163546206800Z_Y2YRJGNAWNFQ;Binger Str. 22, 55257 Budenheim
SOB_20251217T163546206926Z_TGH2H4KWTBA3;In d. Eich 8, 55257 Budenheim
SOB_20251217T163546207039Z_Y2M3N6NEPNHH;Am Alten Horn 15, 55257 Budenheim
SOB_20251217T163546207166Z_3ZWMH7RMCVDJ;Schillerstraße 15, 55257 Budenheim
SOB_20251217T163546207276Z_HX4EQYVL6VBH;Carl-Zeiss-Straße 24, 55129 Mainz
SOB_20251217T163546207389Z_LCBO3HIIXRBB;Südstraße 13, 55129 Mainz
SOB_20251217T163546207504Z_JMDVVIASHBAG;Kelter Str 28, 55129 Mainz
SOB_20251217T163546207625Z_UJHRJR3CRJFS;Marienhofstraße 1, 55130 Mainz
SOB_20251217T163546207742Z_N3E2X247ERCO;Hans-Böckler-Straße 116, 55128 Mainz
SOB_20251217T163546207862Z_LRJ5QTUIAFFT;Marienborner Str. 39A, 55128 Mainz
SOB_20251217T163546207973Z_2NAY3S24ANCM;Südring 110A, 55128 Mainz
SOB_20251217T163546208105Z_5BZNAHVF5VDT;Bahnweg 53, 55129 Mainz
SOB_20251217T163546208226Z_BVGNL4MM5NGA;Büdinger Str. 2, 55129 Mainz
SOB_20251217T163546208347Z_V7K3KJF4RVBP;Falkensteinerstraße 47, 55129 Mainz
SOB_20251217T163546208457Z_ZXTDHQ6IMVDC;Rudolf-Diesel-Straße 26, 65462 Ginsheim-Gustavsburg
SOB_20251217T163546208567Z_RJFNQXKPWBGU;Doktor-Kitz-Straße 22, 65462 Ginsheim-Gustavsburg
SOB_20251217T163546208688Z_C7FFWCZWYZCS;Darmstädter Landstraße 12, 65462 Ginsheim-Gustavsburg
SOB_20251217T163546208799Z_IE6PJ44SVREV;Ginsheimer Str. 2, 65462 Ginsheim-Gustavsburg
SOB_20251217T163546208908Z_ALFEI74ILJC6;Kirschgarten 24, 55116 Mainz
SOB_20251217T163546209030Z_EPVCXGZJX5DO;Münsterpl. 1, 55116 Mainz
SOB_20251217T163546209142Z_RSXPTN2EFBEJ;Bilhildisstraße 15, 55116 Mainz
SOB_20251217T163546209253Z_CMOIYN6W2RC6;Binger Str. 17, 55116 Mainz
SOB_20251217T163546209373Z_MLM6T37NUJAL;Walpodenstraße 14, 55116 Mainz
SOB_20251217T163546209485Z_NJ57HS52WBD5;Mathildenstraße 6, 55116 Mainz
SOB_20251217T163546209603Z_U5ZF2VROJNGJ;Mathildenstraße 2, 55116 Mainz
SOB_20251217T163546209721Z_2O7E3ROX7BFY;Windmühlenstraße, 55131 Mainz
SOB_20251217T163546209830Z_XDBU4QLK3ND7;Zitadelle 1, 55131 Mainz
SOB_20251217T163546209948Z_UGPOIUCMVZGK;Kleine Windmühlenstraße 3, 55131 Mainz
SOB_20251217T163546210120Z_FIRMEN25GVBU;Külbstraße 22, 55131 Mainz
SOB_20251217T163546210352Z_IVGVWWFQYZHU;Ehrhardstraße 31, 55131 Mainz
SOB_20251217T163546210568Z_A6CGFJ7NSNGV;Bodelschwinghstraße 2, 55131 Mainz
SOB_20251217T163546210778Z_6YQBBTRYJRAK;Wilhelm-Theodor-Römheld-Straße 19, 55130 Mainz
SOB_20251217T163546210994Z_K2W2EXLL4RDX;Bettelpfad 5, 55130 Mainz
SOB_20251217T163546211199Z_X766BXFGBNCK;Laubenheimer Str. 82, 55130 Mainz
SOB_20251217T163546211390Z_ZAJW5JU37VDD;Keltenstraße 4, 55130 Mainz
SOB_20251217T163546211634Z_ALRZTIFBANGY;Neideckerstraße 1, 55130 Mainz
SOB_20251217T163546211893Z_YON5J4OW5BEV;Keltenstraße 2, 55130 Mainz
