SOB_ID;Name Fahrer
SOB_20251217T163546138062Z_SGVGAWRLQRE4;Lukas Weber
SOB_20251217T163546138570Z_RICIOOM7DBBX;Anna Richter
SOB_20251217T163546138841Z_UC64XLFVJVCZ;Jonas Klein
SOB_20251217T163546139045Z_YKVUDV2E75EU;Marie Hoffmann
SOB_20251217T163546139217Z_GIDFBGU7UBAF;Felix Hartmann
SOB_20251217T163546139377Z_2IVNSUQTIFA6;Sophie Lorenz
SOB_20251217T163546139528Z_YK43ZTRGW5FJ;Tim Wagner
SOB_20251217T163546139688Z_C2J5CW7S3RFY;Clara Sommer
SOB_20251217T163546139841Z_7FQEYI6LQFF2;David Schuster
SOB_20251217T163546139994Z_DZRYB7AD3JHA;Julia Becker
SOB_20251217T163546140149Z_NQ733A4RGZEX;Patrick Neumann
SOB_20251217T163546140301Z_2Z3JE2MHPJCX;Laura Engel
SOB_20251217T163546140501Z_ESEONTNU5VAI;Martin Keller
SOB_20251217T163546140711Z_7XYTJMEAXFDG;Sarah Baumann
SOB_20251217T163546140963Z_SHAVY2PVTZFG;Tobias König
SOB_20251217T163546141206Z_CZ4GUDS7CJDT;Nina Frank
SOB_20251217T163546141434Z_H6RBAQOTCNBN;Jan Fischer
SOB_20251217T163546141621Z_OHDJEFNPSVHE;Theresa Brandt
SOB_20251217T163546141776Z_5LTT5ZV4FZAE;Leon Schröder
SOB_20251217T163546141926Z_OC4CEHDWR5FV;Mia Albrecht
SOB_20251217T163546142085Z_3Y45GBB3WRAG;Jonah Metzger
SOB_20251217T163546142236Z_YMLJUG4IM5AC;Elena Voigt
SOB_20251217T163546142380Z_BNUXKQSC2FE7;Paul Krämer
SOB_20251217T163546142529Z_SQAUU54WKBCQ;Hannah Reuter
SOB_20251217T163546142679Z_J4QDUGYXFNBI;Moritz Adler
SOB_20251217T163546142823Z_TMHFK5ZESBHZ;Isabell Kraft
SOB_20251217T163546142986Z_MU5ENCSWFFBQ;Benni Kraus
SOB_20251217T163546143139Z_O56T45AOOFDE;Lea Arnold
SOB_20251217T163546143295Z_QROICQKS65BY;Robin Steiner
SOB_20251217T163546143455Z_NWFWLI5TJ5FI;Ella Scholz
SOB_20251217T163546143606Z_PRJ5OVRZSNDH;Simon Busch
SOB_20251217T163546143898Z_UWSQ3WYOLNAR;Kira Jansen
SOB_20251217T163546144144Z_4SXVKSA24BFN;Noah Baier
SOB_20251217T163546144347Z_W5TRO7T5SJF3;Pia Lorenz
SOB_20251217T163546144535Z_I3NVPLX4IVAH;Joel Krüger
SOB_20251217T163546144714Z_7YGSLAQ44BB3;Lara Schmid
SOB_20251217T163546144915Z_P6FFDFT65NGD;Fabian Horn
SOB_20251217T163546145102Z_OAR2KKROPJB6;Marlene Dietz
SOB_20251217T163546145271Z_XEHPBYJJERAK;Nicolas Vogt
SOB_20251217T163546145438Z_QNAT3ZEYSVER;Alina Sturm
SOB_20251217T163546145598Z_WQHSVWEGTRC2;Jonas Albrecht
SOB_20251217T163546145747Z_IS47NIEHT5HL;Emily Rabe
SOB_20251217T163546145903Z_L6VZGF3BQVD3;Marco Weiß
SOB_20251217T163546146053Z_Q3KRMGLCFJCM;Johanna Kühn
SOB_20251217T163546146204Z_IXI2FI2OF5EF;Dario Sauer
SOB_20251217T163546146350Z_JIJCKTKWMJHI;Lisa Hartwig
SOB_20251217T163546146500Z_7QRQYMTZT5FN;Kevin Peters
SOB_20251217T163546146656Z_YT3NCF77JZDH;Lena Ziegler
SOB_20251217T163546146805Z_MFSF3ZGGQND2;Armin Keller
SOB_20251217T163546146953Z_D2TRMSI3VNC2;Sarah Berg
SOB_20251217T163546147081Z_QPZQ6K2M2NEA;Julian Wolff
SOB_20251217T163546147208Z_MTDBKQZN7NDT;Helena Vogler
SOB_20251217T163546147339Z_R57Z3QQ4A5CW;Nils König
SOB_20251217T163546147466Z_LLO4SXXJK5DX;Jule Reinhardt
SOB_20251217T163546147588Z_4FQTDD6HBBEP;Max Thal
SOB_20251217T163546147709Z_KSWRSJTA5JDP;Selina Kaufmann
SOB_20251217T163546147840Z_TPW4FUTG7JED;Rico Brand
SOB_20251217T163546147963Z_FMD6LBEK4NBD;Carolin Andres
SOB_20251217T163546148093Z_PXK332BWIBCM;Henrik Müller
SOB_20251217T163546148220Z_YG4PWL6PEVAP;Nora Sommer
SOB_20251217T163546148343Z_HTDVFK533ZHQ;Tom Albrecht
SOB_20251217T163546148465Z_VCC2PZWPR5GI;Mila Ernst
SOB_20251217T163546148586Z_RQEGFV7OI5E4;Finn Berger
SOB_20251217T163546148713Z_XYI2H5YQAJD5;Nadine Lauter
SOB_20251217T163546148829Z_U5BWFLAKQJDG;Stefan Diehl
SOB_20251217T163546148962Z_KD57CDIDZRB7;Paula Kranz
SOB_20251217T163546149083Z_X5SGXQHG6RDF;Janina Roth
SOB_20251217T163546149200Z_HMT5EU7KS5CM;Oskar Lenz
SOB_20251217T163546149327Z_OIHOBILDRZAH;Miriam Graf
SOB_20251217T163546149447Z_MFTMFZX6XZFK;Eric Neubauer
SOB_20251217T163546149564Z_IALECBGIWNF6;Lina Sauer
SOB_20251217T163546149683Z_Y5LBIL5JOVBP;Arne Werner
SOB_20251217T163546149812Z_3VL77AJNBNEW;Amy Keller
SOB_20251217T163546149929Z_ZVRCAH5RDFD6;Leo Hofmann
SOB_20251217T163546150051Z_RXG6M43W6RFB;Martha Scholz
SOB_20251217T163546150171Z_V6RXUJ2SGBFC;Viktor Kramer
SOB_20251217T163546150288Z_BKP3TCM375CY;Nina Baum
SOB_20251217T163546150414Z_VMX6O3SHFNFB;Roman Melzer
SOB_20251217T163546150537Z_IZWBEZXNNNFN;Tanja Kurz
SOB_20251217T163546150660Z_P3TJH4DX2JC5;Marc Voss
SOB_20251217T163546150778Z_Z7RYOJYJWVBI;Vera Dieckmann
SOB_20251217T163546150895Z_FUOKMVZQVFAW;Kilian Abel
SOB_20251217T163546151016Z_GJTF4SI4FREE;Lilly Kraus
SOB_20251217T163546151134Z_EH4IX32EH5BL;Mats Winter
SOB_20251217T163546151261Z_27ENV442WBGQ;Lisa Wagner
SOB_20251217T163546151389Z_XYYNDNOSIZHV;Fabian Kurz
SOB_20251217T163546151576Z_WP6NTW7UF5DP;Selma Jacob
SOB_20251217T163546151784Z_X4WW47UKPRHD;Enrico Maurer
SOB_20251217T163546151950Z_OTHBRIYYUFGR;Nathalie König
SOB_20251217T163546152079Z_TVUYM6WJLFDC;Jakob Ries
SOB_20251217T163546152225Z_3VCPKEUY5NAN;Melanie Andres
SOB_20251217T163546152422Z_SVUMX7ILNRDI;Dennis Sturm
SOB_20251217T163546152554Z_KTF5HV5KIVGP;Kim Althoff
SOB_20251217T163546152682Z_WDMC4YN3LBEU;Falk Richter
SOB_20251217T163546152820Z_FPU3CSBWOBF3;Sven Huber
SOB_20251217T163546153020Z_FXOT4ULCZFEQ;Nora Becker
SOB_20251217T163546153185Z_3BXWYETABVCY;Pascal Zehnder
SOB_20251217T163546153324Z_UHBKSP4QTVDQ;Selin Mercier
SOB_20251217T163546153459Z_5PN2WX3OE5BU;Alfred Kröger
SOB_20251217T163546153584Z_PC4XAPAHHFE7;Jana Möhring
SOB_20251217T163546153722Z_LGFA3KSZ5BGF;David Krämer
SOB_20251217T163546153865Z_MQJH6LRTSJDH;Daniela Kurz
SOB_20251217T163546153993Z_D7MAPEVP65DQ;Timon Adler
SOB_20251217T163546154119Z_2X7DSLWB6FCY;Lucia Hahn
SOB_20251217T163546154258Z_FE4IX2KOGRBV;Sebastian Arnold
SOB_20251217T163546154389Z_YANIXUJ2ABHS;Evelyn Keller
SOB_20251217T163546154517Z_CN4BLZDCCZFH;Marco König
SOB_20251217T163546154643Z_OFJFZCNMYJCH;Yara Sommer
SOB_20251217T163546154766Z_CGIIC5VR6RBH;Roman Diehl
SOB_20251217T163546154894Z_JAMSHDB54ZGZ;Antonia Ziegler
SOB_20251217T163546155029Z_PSA7CXKQXBBQ;Jonathan Hart
SOB_20251217T163546155155Z_KAAKVMLJZZC7;Sina Fuchs
SOB_20251217T163546155282Z_RDCJVWC3YRBB;Kevin Sauer
SOB_20251217T163546155410Z_QMCHU2P7TJBQ;Mira Paulsen
SOB_20251217T163546155575Z_BB7KBXPXY5DF;Adrian Herzog
SOB_20251217T163546155699Z_YQ7MDVUPFJA7;Eva Stahl
SOB_20251217T163546155832Z_CXNLJR4IOJGH;Lasse Berger
SOB_20251217T163546155959Z_UVKWHX2YZFFB;Annalena Meier
SOB_20251217T163546156082Z_UP23CXI5DVE4;Tarek Moll
SOB_20251217T163546156210Z_J6LH3GNSYNFE;Rebecca Sturm
SOB_20251217T163546156339Z_NYJ6EA66GJGW;Florian Keil
SOB_20251217T163546156472Z_UYTYA3EB6NDM;Kathrin Abel
SOB_20251217T163546156600Z_FPERLN3WXFFN;Leonard Busch
SOB_20251217T163546156729Z_FSYOGKZBMVE5;Alina Voss
SOB_20251217T163546156852Z_KTYCZY5JP5ER;Mehmet Arslan
SOB_20251217T163546156974Z_Q5JDCNOBWFGI;Doris Pfeiffer
SOB_20251217T163546157110Z_GH37JAA26ZCE;Eric Harms
SOB_20251217T163546157233Z_GQY3BVQH4RD4;Miriam Groß
SOB_20251217T163546157362Z_RGMJHDY62NFI;Alex Jahn
SOB_20251217T163546157518Z_SYCHMB3ZBVBQ;Chiara Lux
SOB_20251217T163546157639Z_IKO3CRKCSVEW;Hendrik Clausen
SOB_20251217T163546157765Z_4LV5SLXTVJF5;Matilda Kurz
SOB_20251217T163546157890Z_MDJW6LOP5VHT;Ronny Seifert
SOB_20251217T163546158010Z_F73H7O6PRFGW;Lia Henkel
SOB_20251217T163546158129Z_DQKHPIO2A5H6;Timo Adler
SOB_20251217T163546158253Z_OOE3PR7THRHJ;Vanessa Lorenz
SOB_20251217T163546158381Z_KXZCVXXSD5HD;Joshua Peters
SOB_20251217T163546158512Z_MZ7YVGIVO5FL;Juliana Franke
SOB_20251217T163546158631Z_7FBUQ3OBUZF7;Samuel Köhler
SOB_20251217T163546158755Z_J2PWSIKYJ5EF;Christin Werner
SOB_20251217T163546158875Z_KTPCFC2ASNB2;Yannick Schwarz
SOB_20251217T163546159006Z_ECELQ2PGYFGC;Theresa Arnold
SOB_20251217T163546159134Z_Q5V55UFFGVGS;Nico Brenner
SOB_20251217T163546159252Z_XEXWS3TPLBGQ;Kira Melzer
SOB_20251217T163546159372Z_KL4VBKQGINBA;Marco Altner
SOB_20251217T163546159496Z_ODOSGEG4XFAY;Sascha Holm
SOB_20251217T163546159621Z_OK7ZULM5HZEL;Tina Escher
SOB_20251217T163546159748Z_P5VDSZWUAND4;Frederik Zahn
SOB_20251217T163546159877Z_ID47OO4225GW;Nadine Rupp
SOB_20251217T163546160022Z_N3S3WAT2RVHO;Oliver Bach
SOB_20251217T163546160166Z_MCSFOAHPGNDP;Laura Theis
SOB_20251217T163546160300Z_A5EPR2SGDBGD;Ben Herrmann
SOB_20251217T163546160436Z_T7PM64EI7ZGM;Vanessa Koch
SOB_20251217T163546160585Z_XJB5Q4IHYNBC;Thomas Klee
SOB_20251217T163546161071Z_WX66G6IY2ZA6;Julia Krause
SOB_20251217T163546161470Z_AGOVER6GBNG5;Lukas Fromm
SOB_20251217T163546161924Z_RBJ5BFPXDFDK;Sophia Bendt
SOB_20251217T163546162185Z_CRIEN75U65DD;Tobias Kästner
SOB_20251217T163546162396Z_3WZMRXH7JVH2;Marlon Rick
SOB_20251217T163546162583Z_75FMJMWCAFA2;Vanessa Blum
SOB_20251217T163546162773Z_D6HPPGD7VJFV;Joel Riedel
SOB_20251217T163546162960Z_DNAOIKZSXNDK;Britta Adler
SOB_20251217T163546163147Z_QJ3GJE4O7NF2;Philipp Reimann
SOB_20251217T163546163337Z_WM7LF34OH5CQ;Samira Krug
SOB_20251217T163546163555Z_JKMSTPNL2VEZ;Henrik Ott
SOB_20251217T163546163771Z_CVGLYAN64RAB;Michelle Paul
SOB_20251217T163546163969Z_STQAG5BMINDI;Jeremy Dietrich
SOB_20251217T163546164160Z_OGAWLLHWTRE7;Alicia Rupp
SOB_20251217T163546164342Z_U363K2UO4RDH;Ruben Meister
SOB_20251217T163546164538Z_CX2NOI3AN5BZ;Petra Mink
SOB_20251217T163546164725Z_TRGDKB6OSNHJ;Ole Rehm
SOB_20251217T163546164906Z_GFT367RYABA7;Jana Heck
SOB_20251217T163546165060Z_VBVVRU2XKBGC;Kilian Krafft
SOB_20251217T163546165236Z_3HXU7FGKVJAF;Alisa Stahlberg
SOB_20251217T163546165390Z_L2QVQH5Q2BGR;Rico Schall
SOB_20251217T163546165535Z_NV2EC7TJVFG7;Tamina Weber
SOB_20251217T163546165678Z_OS3CWSHMKBCB;Sandro Dirks
SOB_20251217T163546165825Z_ESZ65NZEUBH7;Loreen Bergmann
SOB_20251217T163546165968Z_CDOC6J6MJVHD;Nick Albrecht
SOB_20251217T163546166122Z_3MACKYBYYRBX;Patricia Singer
SOB_20251217T163546166267Z_7J2ESWYBPNBM;Ferdinand Weiß
SOB_20251217T163546166409Z_BGZZHPPA4VG4;Selin Pfeifer
SOB_20251217T163546166606Z_JTIYI5ILSNFZ;Dennis Heyer
SOB_20251217T163546166761Z_RO5NB5EQQBHY;Celine Kraft
SOB_20251217T163546166920Z_Y3K5OAJHDNGE;Till Jäger
SOB_20251217T163546167064Z_66QET47NRBB6;Anika Rothe
SOB_20251217T163546167216Z_G6FDJXZFBRAN;Kai Heller
SOB_20251217T163546167366Z_KOLSI74KI5EW;Lina Henning
SOB_20251217T163546167512Z_C3G53RBJR5HV;Benedikt Graf
SOB_20251217T163546167653Z_ZFCVSZ27NJHV;Lia Hahn
SOB_20251217T163546167825Z_5VEI2IDY3FCA;Marlon Köhn
SOB_20251217T163546168039Z_S33KKZBREJBK;Frida Claus
SOB_20251217T163546168271Z_D4XMGW2KTBCO;Jonathan Hanke
SOB_20251217T163546168534Z_465GEALJYVAR;Vivien Vogler
SOB_20251217T163546168881Z_66BQ6XXEA5E3;Ramon Büttner
SOB_20251217T163546169179Z_MD2U7IU5SVAJ;Melina Busch
SOB_20251217T163546169420Z_D5N66IH7DNCR;Jens Langer
SOB_20251217T163546169567Z_4IJVWLPYSBGR;Esther Naumann
SOB_20251217T163546169744Z_3UUKCB4PDBEZ;Timo Reuter
SOB_20251217T163546169902Z_MOMQ6NYZMRFY;Carla Hoff
SOB_20251217T163546170057Z_HJLAP76VQJFF;Lukas König
SOB_20251217T163546170228Z_Q74NKGN52FAT;Amelie Lorenz
SOB_20251217T163546170373Z_OCSZTHNOJNBD;Noah Schwarz
SOB_20251217T163546170517Z_L375DWX2ANFT;Sophie Mayer
SOB_20251217T163546170706Z_HDH7FME5HZCA;Jonas Neumann
SOB_20251217T163546170864Z_YC57RCTVCZEL;Lena Frank
SOB_20251217T163546171004Z_NDTT447J7FAF;Felix Hoffmann
SOB_20251217T163546171141Z_6OKR5MH32VBG;Mia Vogel
SOB_20251217T163546171262Z_UJCMP643BNAM;David Reuter
SOB_20251217T163546171388Z_L43QVZZI6RGT;Emily Klein
SOB_20251217T163546171511Z_2S3LPTVG2VCX;Tim Berger
SOB_20251217T163546171645Z_YP5PFOKOHRDT;Lara Kuhn
SOB_20251217T163546171770Z_65ZU5XV5NBBL;Julian Fuchs
SOB_20251217T163546171895Z_K2HCK77WXNFM;Sina Schuster
SOB_20251217T163546172022Z_DLW6XGWFPZGA;Leon Richter
SOB_20251217T163546172148Z_C7D6AGZAXVEH;Nina Horn
SOB_20251217T163546172274Z_UHPFD7FSJREN;Eric Horn
SOB_20251217T163546172401Z_OVZKUFSSVRD6;Clara Jung
SOB_20251217T163546172526Z_JXK6GFL4PZFK;Moritz Beck
SOB_20251217T163546172635Z_JBU32PZ5UND3;Laura Barth
SOB_20251217T163546172748Z_Z4MHMNRCDBCN;Maximilian Stein
SOB_20251217T163546172870Z_3YZ4QJCYQVHZ;Elisa Franke
SOB_20251217T163546172978Z_WWLGCFBZJFER;Tobias Lorenz
SOB_20251217T163546173086Z_YKFLQ5VCRZDT;Sophie Neumann
SOB_20251217T163546173198Z_JQQJLPHHNVCV;Felix Weber
SOB_20251217T163546173312Z_AFUKOFVMOFC5;Anna Schulz
SOB_20251217T163546173421Z_BDRWZDL6MNBW;Leon Wagner
SOB_20251217T163546173536Z_PRLOBVDYLZGZ;Lina Hoffmann
SOB_20251217T163546173650Z_NVPQSMSPDNA5;Pauline Keller
SOB_20251217T163546173758Z_TCYSLYPEQZFL;David Klein
SOB_20251217T163546173873Z_YTLEGQUDG5FM;Nora Busch
SOB_20251217T163546173984Z_X4OBSG7H7NDX;Lennart Beck
SOB_20251217T163546174099Z_4N2SFIA27VFA;Clara Schmid
SOB_20251217T163546174228Z_OXTJPZZVZZFC;Moritz Dietrich
SOB_20251217T163546174339Z_EX35FJI52FAB;Mara Schneider
SOB_20251217T163546174447Z_CKFN2TO7FJHC;Tim Keller
SOB_20251217T163546174555Z_EWWJJT2RJRFU;Lea Weiß
SOB_20251217T163546174675Z_RIZ6UI6WMREY;Jonas Frank
SOB_20251217T163546174786Z_XIB5Z5PPTBDK;Lara König
SOB_20251217T163546174893Z_WEXYA5GVZ5A5;Felix Meyer
SOB_20251217T163546175003Z_7VFVVJCAONBS;Anna Richter
SOB_20251217T163546175111Z_C2XJKH5DFVAO;Leon Wagner
SOB_20251217T163546175219Z_X6J3LMS3AVCH;Lina Hoffmann
SOB_20251217T163546175337Z_BTVYYC4JONE7;Pauline Keller
SOB_20251217T163546175448Z_ZOIPRU7IK5GC;David Klein
SOB_20251217T163546175555Z_YNC4OCUTAFCA;Nora Busch
SOB_20251217T163546175665Z_6BUEYUFHPNFD;Lennart Beck
SOB_20251217T163546175779Z_BWGUL2RSRFCC;Clara Schmid
SOB_20251217T163546175896Z_5REXCQ3WG5HG;Moritz Dietrich
SOB_20251217T163546176006Z_EQMKADQUTVFL;Mara Schneider
SOB_20251217T163546176136Z_DODQYTPNHFB7;Tim Keller
SOB_20251217T163546176250Z_HUJOVT3WGJD7;Lea Weiß
SOB_20251217T163546176359Z_4KCHW5JILJGW;Jonas Frank
SOB_20251217T163546176477Z_QLQEAV43BVGU;Lara König
SOB_20251217T163546176595Z_W5B2GAUODVBH;Felix Meyer
SOB_20251217T163546176743Z_YZGNUSAP2VET;Anna Richter
SOB_20251217T163546176940Z_34D6OAVZORES;Leon Wagner
SOB_20251217T163546177154Z_VCIEHSKQERC6;Lina Hoffmann
SOB_20251217T163546177356Z_X2PH74QPFZAR;Pauline Keller
SOB_20251217T163546177588Z_UCGUBSQJUZCG;David Klein
SOB_20251217T163546177801Z_STRZBRBAL5FT;Nora Busch
SOB_20251217T163546178000Z_SYQVL4UECVC3;Lennart Beck
SOB_20251217T163546178214Z_OHDASWNLNVCX;Clara Schmid
SOB_20251217T163546178441Z_WEYKCPAEK5BN;Moritz Dietrich
SOB_20251217T163546178652Z_C35VDJ5UEVGR;Mara Schneider
SOB_20251217T163546178787Z_PNGTLW6RKVCE;Tim Keller
SOB_20251217T163546178928Z_U2GKROFUUJB3;Lea Weiß
SOB_20251217T163546179061Z_GHFWLIERHJCN;Jonas Frank
SOB_20251217T163546179188Z_EWIBMHKGCRCG;Lara König
SOB_20251217T163546179352Z_EZB4GMLS45EU;Felix Meyer
SOB_20251217T163546179482Z_NWJURVUCGZBM;Anna Richter
SOB_20251217T163546179608Z_APLZR4B5FNHC;Leon Wagner
SOB_20251217T163546179736Z_GKLQPSW6TNHH;Lina Hoffmann
SOB_20251217T163546179857Z_EPFTWQTPZBDD;Pauline Keller
SOB_20251217T163546179985Z_7SK7RDOR6FHG;David Klein
SOB_20251217T163546180111Z_OZCVHVFRHNCX;Nora Busch
SOB_20251217T163546180232Z_VOG7LTQF25HE;Lennart Beck
SOB_20251217T163546180351Z_XV24SHKA3VH4;Clara Schmid
SOB_20251217T163546180474Z_KXVJ5O44KRF7;Moritz Dietrich
SOB_20251217T163546180593Z_RWQY2SBHVNHB;Mara Schneider
SOB_20251217T163546180723Z_C2DUP2XMFFH5;Tim Keller
SOB_20251217T163546180848Z_N6NXV3M2XJGI;Lea Weiß
SOB_20251217T163546180971Z_3NPKUHHFXFFG;Jonas Frank
SOB_20251217T163546181091Z_OGISJVAXTFCX;Lara König
SOB_20251217T163546181214Z_MBWWTEXBQJB2;Felix Meyer
SOB_20251217T163546181346Z_DLCZKHGGLJES;Anna Richter
SOB_20251217T163546181467Z_AUJYBUUWANGR;Leon Wagner
SOB_20251217T163546181578Z_QQ44CQAW55AK;Lina Hoffmann
SOB_20251217T163546181753Z_R6JGESLZMFFE;Pauline Keller
SOB_20251217T163546181960Z_UAV4G5FTMRFC;David Klein
SOB_20251217T163546182110Z_45MZXU42SNFE;Nora Busch
SOB_20251217T163546182242Z_H2XDFMZQ6ZG6;Lennart Beck
SOB_20251217T163546182367Z_B6R3NMXGXZAR;Clara Schmid
SOB_20251217T163546182493Z_36CZAVMFNZBF;Moritz Dietrich
SOB_20251217T163546182623Z_A5ON73C27ZDI;Mara Schneider
SOB_20251217T163546182742Z_OWTQREXOENFS;Tim Keller
SOB_20251217T163546182875Z_UUHEX3KH5NGR;Lea Weiß
SOB_20251217T163546183056Z_VQ6DSYOUCFCI;Jonas Frank
SOB_20251217T163546183359Z_3TOVHP53OBHQ;Lara König
SOB_20251217T163546183598Z_MNQNRBGGKVBP;Felix Meyer
SOB_20251217T163546183741Z_7UKRSM7ZZBC6;Anna Richter
SOB_20251217T163546183873Z_HXTCN3BMTND4;Leon Wagner
SOB_20251217T163546183995Z_TJXFCK4NFFE2;Lina Hoffmann
SOB_20251217T163546184116Z_JYZB6UTSLFAR;Pauline Keller
SOB_20251217T163546184239Z_ZEYPXXKUJFBN;David Klein
SOB_20251217T163546184360Z_ENAZH36E7BD3;Nora Busch
SOB_20251217T163546184491Z_VKMYXQKI5NCP;Lennart Beck
SOB_20251217T163546184615Z_TDIAFUZYDVDF;Clara Schmid
SOB_20251217T163546184760Z_DLUC3FZ75NDZ;Moritz Dietrich
SOB_20251217T163546185011Z_75NLLYYBYVBU;Mara Schneider
SOB_20251217T163546185254Z_YJRSY6FSSZEC;Tim Keller
SOB_20251217T163546185462Z_CBDBF7VAS5CB;Lea Weiß
SOB_20251217T163546185714Z_M5ZTWWKYJNBM;Jonas Frank
SOB_20251217T163546185960Z_YCD5LDMAW5BI;Lara König
SOB_20251217T163546186182Z_WCPGBBB7HZAU;Felix Meyer
SOB_20251217T163546186399Z_4I4GM7IS3JEZ;Anna Richter
SOB_20251217T163546186645Z_PFSBRYD7BNHD;Leon Wagner
SOB_20251217T163546186820Z_6E6Z5QTUMJF2;Lina Hoffmann
SOB_20251217T163546186950Z_PAKUAJYQMZDR;Pauline Keller
SOB_20251217T163546187086Z_JSBEOJ5DFBGU;David Klein
SOB_20251217T163546187225Z_6OXSZP7GNVHO;Nora Busch
SOB_20251217T163546187348Z_2ECEBCLO3VDG;Lennart Beck
SOB_20251217T163546187476Z_FRTGXDGJYNFX;Clara Schmid
SOB_20251217T163546187615Z_5GXM5KEJVNHJ;Moritz Dietrich
SOB_20251217T163546187736Z_ITYVSZ2UXNGU;Mara Schneider
SOB_20251217T163546187855Z_HJ5XLSQL75AE;Tim Keller
SOB_20251217T163546187982Z_PCSKNDLC55AZ;Lea Weiß
SOB_20251217T163546188102Z_WDQD4JBMB5HE;Jonas Frank
SOB_20251217T163546188228Z_RBALW6I6V5GJ;Lara König
SOB_20251217T163546188350Z_IEYUQDXA4VCY;Felix Meyer
SOB_20251217T163546188471Z_O5EYFRMMQVBR;Anna Richter
SOB_20251217T163546188588Z_KZKBT6JAJZGS;Leon Wagner
SOB_20251217T163546188718Z_O4P4SUDCV5AV;Lina Hoffmann
SOB_20251217T163546188843Z_MMC7KXJDRBD3;Pauline Keller
SOB_20251217T163546188962Z_M4BUHBMUBJCX;David Klein
SOB_20251217T163546189081Z_VDXNXPYX2FHV;Nora Busch
SOB_20251217T163546189204Z_ND7NVLZLDFCF;Lennart Beck
SOB_20251217T163546189323Z_Q7ZTBWCBLZAG;Clara Schmid
SOB_20251217T163546189449Z_G7Q7LKPXYBB5;Moritz Dietrich
SOB_20251217T163546189574Z_AE22JW2N3NFO;Mara Schneider
SOB_20251217T163546189700Z_BEKHR5M2IZDI;Tim Keller
SOB_20251217T163546189819Z_CJ32654YANAP;Lea Weiß
SOB_20251217T163546189942Z_YWYMBPG4TBCW;Jonas Frank
SOB_20251217T163546190061Z_LT5GLMOESJGO;Lara König
SOB_20251217T163546190187Z_GZ6CHTLC4VC5;Felix Meyer
SOB_20251217T163546190312Z_557BSRJUVJFD;Anna Richter
SOB_20251217T163546190443Z_KDGYRUTUFZDY;Leon Wagner
SOB_20251217T163546190556Z_7ZEHYX32IZCF;Lina Hoffmann
SOB_20251217T163546190671Z_TKEIVXYRPVCY;Pauline Keller
SOB_20251217T163546190792Z_RRW7OBNF6VHO;David Klein
SOB_20251217T163546190901Z_RKB5FDUFPRGR;Nora Busch
SOB_20251217T163546191015Z_75Q3EA2FR5CP;Lennart Beck
SOB_20251217T163546191128Z_WXIC3ILZM5G4;Clara Schmid
SOB_20251217T163546191268Z_ZVJZAANFQRHG;Moritz Dietrich
SOB_20251217T163546191386Z_Q674CMP3PNAS;Mara Schneider
SOB_20251217T163546191500Z_FPOWJG2OOBEZ;Tim Keller
SOB_20251217T163546191614Z_DCHQG72POBHR;Lea Weiß
SOB_20251217T163546191727Z_DXPIJ2ZANNEP;Jonas Frank
SOB_20251217T163546191841Z_2AKIVQBUTFAP;Lara König
SOB_20251217T163546191960Z_XWMJSBX7Y5EE;Felix Meyer
SOB_20251217T163546192091Z_UQ3ZL3QKVNC4;Anna Richter
SOB_20251217T163546192206Z_PL5RUFNUCNB6;Leon Wagner
SOB_20251217T163546192317Z_MFTBWGOOR5DG;Lina Hoffmann
SOB_20251217T163546192427Z_6NPM734RW5AJ;Pauline Keller
SOB_20251217T163546192543Z_GJTJCNUCN5FI;David Klein
SOB_20251217T163546192664Z_RWRVOUJJMJAA;Nora Busch
SOB_20251217T163546192776Z_H3HRJ2SNVZCI;Lennart Beck
SOB_20251217T163546192891Z_P2PI3OFGI5FZ;Clara Schmid
SOB_20251217T163546193007Z_XHTKFKPAERCG;Moritz Dietrich
SOB_20251217T163546193117Z_6TZJKBIFZVAJ;Mara Schneider
SOB_20251217T163546193241Z_KX2KQOYVZFEV;Tim Keller
SOB_20251217T163546193363Z_HTXSZMZ4FRGI;Lea Weiß
SOB_20251217T163546193527Z_DSBYVC5TCREH;Jonas Frank
SOB_20251217T163546193759Z_3RDG6FFVWNGO;Lara König
SOB_20251217T163546193987Z_DSYQ6FUMZJDR;Felix Meyer
SOB_20251217T163546194208Z_JGLW3TJAR5HQ;Anna Richter
SOB_20251217T163546194433Z_BTU7PE5L6JHF;Leon Wagner
SOB_20251217T163546194654Z_VUYUGAHD2BE2;Lina Hoffmann
SOB_20251217T163546194859Z_ZR4GYS6YMRCZ;Pauline Keller
SOB_20251217T163546195056Z_DAIGHDWNFRHH;David Klein
SOB_20251217T163546195334Z_WESAHVW2QZAS;Nora Busch
SOB_20251217T163546195507Z_7NF36Z66ABEQ;Lennart Beck
SOB_20251217T163546195633Z_OGR23QAPVFAI;Clara Schmid
SOB_20251217T163546195790Z_F4KRPZNBWBC3;Moritz Dietrich
SOB_20251217T163546195927Z_SDLTA4C4TRBV;Mara Schneider
SOB_20251217T163546196048Z_TKSUPS6CUBAT;Tim Keller
SOB_20251217T163546196182Z_MLC7UHSRLNGR;Lea Weiß
SOB_20251217T163546196310Z_2EDKZG6HI5HL;Jonas Frank
SOB_20251217T163546196432Z_BNKPCSSDANGE;Lara König
SOB_20251217T163546196555Z_DFPA43EKPZB5;Felix Meyer
SOB_20251217T163546196682Z_D6QY43JHJNGB;Anna Richter
SOB_20251217T163546196813Z_HD5ZW7HWZJBN;Leon Wagner
SOB_20251217T163546196933Z_FYQ4XLPPA5FW;Lina Hoffmann
SOB_20251217T163546197057Z_DQLKXPN7JNCB;Pauline Keller
SOB_20251217T163546197177Z_CW5SE34KZZF3;David Klein
SOB_20251217T163546197296Z_KTBVSTH7F5DI;Nora Busch
SOB_20251217T163546197420Z_E2FTDQ7X4RFV;Lennart Beck
SOB_20251217T163546197547Z_BWUXWKNJXVBE;Clara Schmid
SOB_20251217T163546197715Z_GPU742QM7FHR;Moritz Dietrich
SOB_20251217T163546197861Z_PLOQY56FWND5;Mara Schneider
SOB_20251217T163546197984Z_EHC6B5KPPFAJ;Tim Keller
SOB_20251217T163546198156Z_DNWH7PIQXNHB;Lea Weiß
SOB_20251217T163546198291Z_M6P7WDWIDRA5;Jonas Frank
SOB_20251217T163546198411Z_DEQBVE7R4RDQ;Lara König
SOB_20251217T163546198530Z_KXJPAJJ3I5BF;Felix Meyer
SOB_20251217T163546198656Z_VIS3PKJ5YJHD;Anna Richter
SOB_20251217T163546198777Z_3PT4UNZWT5D6;Leon Wagner
SOB_20251217T163546198900Z_XXNHZRAIMBEL;Lina Hoffmann
SOB_20251217T163546199021Z_IKNHQMOATNFK;Pauline Keller
SOB_20251217T163546199146Z_AF7XPEV2QNEI;David Klein
SOB_20251217T163546199265Z_7EWTB5F6UBEX;Nora Busch
SOB_20251217T163546199387Z_OZDQVWX7PJB4;Lennart Beck
SOB_20251217T163546199514Z_Y4DCYQOTPVEH;Clara Schmid
SOB_20251217T163546199638Z_RGD5XVCMJ5FZ;Moritz Dietrich
SOB_20251217T163546199757Z_35YC2C6KWZBK;Mara Schneider
SOB_20251217T163546199882Z_6S4D2TZDYNHD;Tim Keller
SOB_20251217T163546200002Z_BVJU4OVCP5CK;Lea Weiß
SOB_20251217T163546200123Z_FXSUJ5F43VDL;Jonas Frank
SOB_20251217T163546200254Z_ZKHQ366BPFBH;Lara König
SOB_20251217T163546200373Z_PUYIWS65MZDK;Felix Meyer
SOB_20251217T163546200491Z_SMARHDYOPNEM;Anna Richter
SOB_20251217T163546200659Z_FL7ONHIMB5FW;Leon Wagner
SOB_20251217T163546200781Z_BWNR26IM3JBF;Lina Hoffmann
SOB_20251217T163546200914Z_SOILTWCBOJBU;Pauline Keller
SOB_20251217T163546201027Z_XWW65HV2LZE5;David Klein
SOB_20251217T163546201141Z_KD6DHVQ65BBF;Nora Busch
SOB_20251217T163546201253Z_WMNNWBZ5WBEZ;Lennart Beck
SOB_20251217T163546201370Z_MRQGYQYHLNE3;Clara Schmid
SOB_20251217T163546201490Z_F7N7EYPT3FDN;Moritz Dietrich
SOB_20251217T163546201606Z_DWN6DECEX5DF;Mara Schneider
SOB_20251217T163546201732Z_BRWBDVBUWZAJ;Tim Keller
SOB_20251217T163546201929Z_4YA3PFIXCFAU;Lea Weiß
SOB_20251217T163546202155Z_554SFZBBL5AZ;Jonas Frank
SOB_20251217T163546202355Z_PBI4YR6GIBEL;Lara König
SOB_20251217T163546202604Z_DMDWZWEW5NEY;Felix Meyer
SOB_20251217T163546202846Z_P6JXWI5NJBFW;Anna Richter
SOB_20251217T163546203064Z_SFDUVTYK7BAD;Leon Wagner
SOB_20251217T163546203285Z_3BCVO2FQQ5GT;Lina Hoffmann
SOB_20251217T163546203533Z_CXX2TPF5KBEK;Pauline Keller
SOB_20251217T163546203725Z_EQG654J33NAN;David Klein
SOB_20251217T163546203876Z_GPF4PBGVKZDJ;Nora Busch
SOB_20251217T163546204006Z_DXBCUFQZ3NA2;Lennart Beck
SOB_20251217T163546204147Z_JNHYUXDVKNCK;Clara Schmid
SOB_20251217T163546204270Z_KDWJVGUZJNG4;Moritz Dietrich
SOB_20251217T163546204400Z_ZHSD5WILPZGR;Mara Schneider
SOB_20251217T163546204521Z_MSDYH7U65ZEF;Tim Keller
SOB_20251217T163546204650Z_7QBT5MVBEBH6;Lea Weiß
SOB_20251217T163546204776Z_PL7LKUCJIZDX;Jonas Frank
SOB_20251217T163546204897Z_WBCSBBDVNBB4;Lara König
SOB_20251217T163546205017Z_T6IE7TOMTBFO;Felix Meyer
SOB_20251217T163546205148Z_6CZN6SYTTREB;Anna Richter
SOB_20251217T163546205272Z_OSRJ6UTZCFHF;Leon Wagner
SOB_20251217T163546205392Z_7TNLMZJDFREA;Lina Hoffmann
SOB_20251217T163546205517Z_WPY76PF7MFFJ;Pauline Keller
SOB_20251217T163546205641Z_D7HQS4R72RHR;David Klein
SOB_20251217T163546205767Z_QR3D4RVWYZH3;Nora Busch
SOB_20251217T163546205890Z_ONKBLDVJ7FEN;Lennart Beck
SOB_20251217T163546206055Z_JUWVRRBEMNFV;Clara Schmid
SOB_20251217T163546206178Z_JW5Y452X45DT;Moritz Dietrich
SOB_20251217T163546206307Z_EIE26BFNL5CZ;Mara Schneider
SOB_20251217T163546206435Z_NNAF7DAKCZHS;Tim Keller
SOB_20251217T163546206553Z_UYASRISBJRD5;Lea Weiß
SOB_20251217T163546206678Z_GFGP6OT5UBGL;Jonas Frank
SOB_20251217T163546206800Z_Y2YRJGNAWNFQ;Lara König
SOB_20251217T163546206926Z_TGH2H4KWTBA3;Felix Meyer
SOB_20251217T163546207039Z_Y2M3N6NEPNHH;Anna Richter
SOB_20251217T163546207166Z_3ZWMH7RMCVDJ;Leon Wagner
SOB_20251217T163546207276Z_HX4EQYVL6VBH;Lina Hoffmann
SOB_20251217T163546207389Z_LCBO3HIIXRBB;Pauline Keller
SOB_20251217T163546207504Z_JMDVVIASHBAG;David Klein
SOB_20251217T163546207625Z_UJHRJR3CRJFS;Nora Busch
SOB_20251217T163546207742Z_N3E2X247ERCO;Lennart Beck
SOB_20251217T163546207862Z_LRJ5QTUIAFFT;Clara Schmid
SOB_20251217T163546207973Z_2NAY3S24ANCM;Moritz Dietrich
SOB_20251217T163546208105Z_5BZNAHVF5VDT;Mara Schneider
SOB_20251217T163546208226Z_BVGNL4MM5NGA;Tim Keller
SOB_20251217T163546208347Z_V7K3KJF4RVBP;Lea Weiß
SOB_20251217T163546208457Z_ZXTDHQ6IMVDC;Jonas Frank
SOB_20251217T163546208567Z_RJFNQXKPWBGU;Lara König
SOB_20251217T163546208688Z_C7FFWCZWYZCS;Felix Meyer
SOB_20251217T163546208799Z_IE6PJ44SVREV;Anna Richter
SOB_20251217T163546208908Z_ALFEI74ILJC6;Leon Wagner
SOB_20251217T163546209030Z_EPVCXGZJX5DO;Lina Hoffmann
SOB_20251217T163546209142Z_RSXPTN2EFBEJ;Pauline Keller
SOB_20251217T163546209253Z_CMOIYN6W2RC6;David Klein
SOB_20251217T163546209373Z_MLM6T37NUJAL;Nora Busch
SOB_20251217T163546209485Z_NJ57HS52WBD5;Lennart Beck
SOB_20251217T163546209603Z_U5ZF2VROJNGJ;Clara Schmid
SOB_20251217T163546209721Z_2O7E3ROX7BFY;Moritz Dietrich
SOB_20251217T163546209830Z_XDBU4QLK3ND7;Mara Schneider
SOB_20251217T163546209948Z_UGPOIUCMVZGK;Tim Keller
SOB_20251217T163546210120Z_FIRMEN25GVBU;Lea Weiß
SOB_20251217T163546210352Z_IVGVWWFQYZHU;Jonas Frank
SOB_20251217T163546210568Z_A6CGFJ7NSNGV;Lara König
SOB_20251217T163546210778Z_6YQBBTRYJRAK;Felix Meyer
SOB_20251217T163546210994Z_K2W2EXLL4RDX;Anna Richter
SOB_20251217T163546211199Z_X766BXFGBNCK;Leon Wagner
SOB_20251217T163546211390Z_ZAJW5JU37VDD;Lina Hoffmann
SOB_20251217T163546211634Z_ALRZTIFBANGY;Pauline Keller
SOB_20251217T163546211893Z_YON5J4OW5BEV;David Klein
