SOB_ID;Name
SOB_20251217T163702189730Z_FJM75UHCGBDU;Anna Müller
SOB_20251217T163702190174Z_DPBYGRMIKZAY;Jonas Schmidt
SOB_20251217T163702190385Z_XWEXBLAFGJE7;Laura Becker
SOB_20251217T163702190541Z_UZ2FHEOLFBE2;Peter Wagner
SOB_20251217T163702190689Z_UMS4B53ESNGH;Mia Hoffmann
SOB_20251217T163702190842Z_7ZNV2HSFLJG2;Leon Schneider
SOB_20251217T163702190986Z_5COAA7TCTVBM;Sophia Klein
SOB_20251217T163702191129Z_HGGKZKK6MBEV;Maximilian Braun
SOB_20251217T163702191273Z_MKTLKHFW55H7;Emma Schuster
SOB_20251217T163702191453Z_JC3SL3KRZNB7;Tim Fischer
SOB_20251217T163702191619Z_FP4FSD2KRVDT;Hannah König
SOB_20251217T163702191764Z_3N3NCZRH4RAY;Paul Neumann
SOB_20251217T163702191907Z_YFEGULTEZFDW;Clara Vogel
SOB_20251217T163702192049Z_SWYOP364OJDH;Noah Wolf
SOB_20251217T163702192193Z_IUULYTJADZHO;Marie Hahn
SOB_20251217T163702192334Z_IEZSZ2TCK5CR;Luca Böhm
SOB_20251217T163702192481Z_ZD7ILHRZ5JF2;Lea Schmid
SOB_20251217T163702192622Z_4BO7SBK2UVAG;Felix Krüger
SOB_20251217T163702192762Z_I4GSGDX3WVB2;Nina Weber
SOB_20251217T163702192905Z_7WPLVDERKBEE;David Lang
SOB_20251217T163702193045Z_PUOKXJP3RJHO;Sarah Roth
SOB_20251217T163702193197Z_KHADQCEE75BX;Julian Kaiser
SOB_20251217T163702193340Z_UGT6VEYWXFFV;Kim Wagner
SOB_20251217T163702193480Z_25GWBUSHM5F4;Tobias Arnold
SOB_20251217T163702193625Z_6GUBUQUTAJGO;Jana Peters
SOB_20251217T163702193767Z_V36PNQFWTZBE;Christian Fuchs
SOB_20251217T163702193915Z_IW74OXCOABCG;Lara Meier
SOB_20251217T163702194059Z_4OGQG7KGDZAK;Daniel Busch
SOB_20251217T163702194201Z_2W4W3VLAQNBB;Sina Krämer
SOB_20251217T163702194343Z_FHNEUZ6T65G6;Tom Albrecht
SOB_20251217T163702194483Z_XPVJXNXFIBCZ;Elisa Baum
SOB_20251217T163702194625Z_75KXZUB32VFN;Marco Brandt
SOB_20251217T163702194772Z_UHJ2I2XCNRCF;Hannah Weiß
SOB_20251217T163702194914Z_2RPXTRXGJFAP;Stefan Herzog
SOB_20251217T163702195061Z_2V25Q5A7YVA5;Nele Sommer
SOB_20251217T163702195204Z_2T5BXE5VPNBK;Jan Berg
SOB_20251217T163702195354Z_BY2KNDAQGBHW;Franziska Ott
SOB_20251217T163702195515Z_ZEOIROJZWVCV;Oliver Stein
SOB_20251217T163702195658Z_453WQXJTS5FQ;Melina Kurz
SOB_20251217T163702195844Z_DTEQSQYJLVGK;Patrick Köhler
SOB_20251217T163702196050Z_5NSN2EPPJVE5;Celine Hartmann
SOB_20251217T163702196229Z_KMYKLE4WKJBN;Sascha Paul
SOB_20251217T163702196397Z_K43GXSKZ3VGU;Josephine Adler
SOB_20251217T163702196543Z_JXBDC3F5HZE7;Rene Voss
SOB_20251217T163702196685Z_334MJCO6PBFC;Kira Langer
SOB_20251217T163702196827Z_ACZJYO7F3FF4;Martin Kühn
SOB_20251217T163702196970Z_MSDLVHZFRVCS;Jule Frank
SOB_20251217T163702197126Z_KTEOCDBIP5EA;Bastian Krall
SOB_20251217T163702197271Z_ILOPC4OUNRFO;Hans Peter Müller
SOB_20251217T163702197413Z_XPYFFKCAQ5DZ;Thorsten Meier
