ROI_ID;Name
ROI_20251217T164700217021Z_I3LXJR7QENDK;Anna Müller
ROI_20251217T164700217765Z_GAIDGLA3DJGE;Jonas Schmidt
ROI_20251217T164700218084Z_4PLLKI4Y6RGQ;Laura Becker
ROI_20251217T164700218313Z_5LEOSPKWC5AT;Peter Wagner
ROI_20251217T164700218493Z_V63ALLGV6BHM;Mia Hoffmann
ROI_20251217T164700218663Z_LPBLQFNJMZE6;Leon Schneider
ROI_20251217T164700218815Z_3QZ2H6N7A5BW;Sophia Klein
ROI_20251217T164700218974Z_DAZQ2EC5URFA;Maximilian Braun
ROI_20251217T164700219134Z_XQ5UXHLHWZGX;Emma Schuster
ROI_20251217T164700219295Z_MHUSNTT6CNES;Tim Fischer
ROI_20251217T164700219446Z_Q2E5P7UJ6RBC;Hannah König
ROI_20251217T164700219598Z_VNK4652PNFCV;Paul Neumann
ROI_20251217T164700219750Z_QWAPMIEJR5AN;Clara Vogel
ROI_20251217T164700219909Z_TJSCUTY2FJCZ;Noah Wolf
ROI_20251217T164700220070Z_ZDSDDVGRHNCE;Marie Hahn
ROI_20251217T164700220220Z_YBBR5O72Y5D2;Luca Böhm
ROI_20251217T164700220419Z_ZDEKQNYHVJBD;Lea Schmid
ROI_20251217T164700220589Z_FJWISMGNMJCQ;Felix Krüger
ROI_20251217T164700220745Z_D2H52T2XXVEO;Nina Weber
ROI_20251217T164700220891Z_HNFBHBMJNNHT;David Lang
ROI_20251217T164700221069Z_UTNS2K675BEW;Sarah Roth
ROI_20251217T164700221244Z_LYE4WSTZW5EW;Julian Kaiser
ROI_20251217T164700221423Z_CZ7CIC6BPBDL;Kim Wagner
ROI_20251217T164700221600Z_LM2PWJ65ZFB3;Tobias Arnold
ROI_20251217T164700221805Z_WUV5MYY3MFD4;Jana Peters
ROI_20251217T164700222056Z_BAUAX6T3PVEC;Christian Fuchs
ROI_20251217T164700222240Z_LSFAH3GSSVEU;Lara Meier
ROI_20251217T164700222426Z_RA4NAURYUJAQ;Daniel Busch
ROI_20251217T164700222601Z_UJABIWD7QVHJ;Sina Krämer
ROI_20251217T164700222779Z_KSMOVSK6QVGR;Tom Albrecht
ROI_20251217T164700222947Z_5SAUWPQHFFDI;Elisa Baum
ROI_20251217T164700223119Z_3XSG3EMHUFFY;Marco Brandt
ROI_20251217T164700223290Z_3VCFPAST6BDW;Hannah Weiß
ROI_20251217T164700223465Z_JCEVWIYV6FBA;Stefan Herzog
ROI_20251217T164700223646Z_RTJBRGX7PNA5;Nele Sommer
ROI_20251217T164700223821Z_7PODJK6HC5G2;Jan Berg
ROI_20251217T164700223994Z_WSAESR3LOJB5;Franziska Ott
ROI_20251217T164700224155Z_KOYROTD7INBU;Oliver Stein
ROI_20251217T164700224305Z_CXK5ENBB2RHX;Melina Kurz
ROI_20251217T164700224459Z_QXTJMD7N7RF6;Patrick Köhler
ROI_20251217T164700224604Z_ISSKXAPHLRH7;Celine Hartmann
ROI_20251217T164700224753Z_D6V2H4BFLBDW;Sascha Paul
ROI_20251217T164700224899Z_D6T6JS3NWJAA;Josephine Adler
ROI_20251217T164700225042Z_EPJNR6P4WJF2;Rene Voss
ROI_20251217T164700225185Z_HUFMLKDLNBAZ;Kira Langer
ROI_20251217T164700225366Z_ZLACJBWEJRFC;Martin Kühn
ROI_20251217T164700225515Z_MQ2SWULY5VEQ;Jule Frank
ROI_20251217T164700225660Z_IYKPWYAVJNBV;Bastian Krall
ROI_20251217T164700225864Z_YA2LXI6U25DM;Hans Peter Müller
ROI_20251217T164700226014Z_JALJAHGI4FDS;Thorsten Meier
